depth,hid_feature,num_tfmamba,d_state,d_conv,expand,#parameters
1,8,1,4,1,2,5745
1,8,1,4,1,3,7089
1,8,1,4,1,4,8433
1,8,1,4,2,2,5809
1,8,1,4,2,3,7185
1,8,1,4,2,4,8561
1,8,1,4,3,2,5873
1,8,1,4,3,3,7281
1,8,1,4,3,4,8689
1,8,1,8,1,2,6513
1,8,1,8,1,3,8241
1,8,1,8,1,4,9969
1,8,1,8,2,2,6577
1,8,1,8,2,3,8337
1,8,1,8,2,4,10097
1,8,1,8,3,2,6641
1,8,1,8,3,3,8433
1,8,1,8,3,4,10225
1,8,1,16,1,2,8049
1,8,1,16,1,3,10545
1,8,1,16,1,4,13041
1,8,1,16,2,2,8113
1,8,1,16,2,3,10641
1,8,1,16,2,4,13169
1,8,1,16,3,2,8177
1,8,1,16,3,3,10737
1,8,1,16,3,4,13297
1,8,1,32,1,2,11121
1,8,1,32,1,3,15153
1,8,1,32,1,4,19185
1,8,1,32,2,2,11185
1,8,1,32,2,3,15249
1,8,1,32,2,4,19313
1,8,1,32,3,2,11249
1,8,1,32,3,3,15345
1,8,1,32,3,4,19441
1,8,2,4,1,2,8737
1,8,2,4,1,3,11425
1,8,2,4,1,4,14113
1,8,2,4,2,2,8865
1,8,2,4,2,3,11617
1,8,2,4,2,4,14369
1,8,2,4,3,2,8993
1,8,2,4,3,3,11809
1,8,2,4,3,4,14625
1,8,2,8,1,2,10273
1,8,2,8,1,3,13729
1,8,2,8,1,4,17185
1,8,2,8,2,2,10401
1,8,2,8,2,3,13921
1,8,2,8,2,4,17441
1,8,2,8,3,2,10529
1,8,2,8,3,3,14113
1,8,2,8,3,4,17697
1,8,2,16,1,2,13345
1,8,2,16,1,3,18337
1,8,2,16,1,4,23329
1,8,2,16,2,2,13473
1,8,2,16,2,3,18529
1,8,2,16,2,4,23585
1,8,2,16,3,2,13601
1,8,2,16,3,3,18721
1,8,2,16,3,4,23841
1,8,2,32,1,2,19489
1,8,2,32,1,3,27553
1,8,2,32,1,4,35617
1,8,2,32,2,2,19617
1,8,2,32,2,3,27745
1,8,2,32,2,4,35873
1,8,2,32,3,2,19745
1,8,2,32,3,3,27937
1,8,2,32,3,4,36129
1,8,3,4,1,2,11729
1,8,3,4,1,3,15761
1,8,3,4,1,4,19793
1,8,3,4,2,2,11921
1,8,3,4,2,3,16049
1,8,3,4,2,4,20177
1,8,3,4,3,2,12113
1,8,3,4,3,3,16337
1,8,3,4,3,4,20561
1,8,3,8,1,2,14033
1,8,3,8,1,3,19217
1,8,3,8,1,4,24401
1,8,3,8,2,2,14225
1,8,3,8,2,3,19505
1,8,3,8,2,4,24785
1,8,3,8,3,2,14417
1,8,3,8,3,3,19793
1,8,3,8,3,4,25169
1,8,3,16,1,2,18641
1,8,3,16,1,3,26129
1,8,3,16,1,4,33617
1,8,3,16,2,2,18833
1,8,3,16,2,3,26417
1,8,3,16,2,4,34001
1,8,3,16,3,2,19025
1,8,3,16,3,3,26705
1,8,3,16,3,4,34385
1,8,3,32,1,2,27857
1,8,3,32,1,3,39953
1,8,3,32,1,4,52049
1,8,3,32,2,2,28049
1,8,3,32,2,3,40241
1,8,3,32,2,4,52433
1,8,3,32,3,2,28241
1,8,3,32,3,3,40529
1,8,3,32,3,4,52817
1,8,4,4,1,2,14721
1,8,4,4,1,3,20097
1,8,4,4,1,4,25473
1,8,4,4,2,2,14977
1,8,4,4,2,3,20481
1,8,4,4,2,4,25985
1,8,4,4,3,2,15233
1,8,4,4,3,3,20865
1,8,4,4,3,4,26497
1,8,4,8,1,2,17793
1,8,4,8,1,3,24705
1,8,4,8,1,4,31617
1,8,4,8,2,2,18049
1,8,4,8,2,3,25089
1,8,4,8,2,4,32129
1,8,4,8,3,2,18305
1,8,4,8,3,3,25473
1,8,4,8,3,4,32641
1,8,4,16,1,2,23937
1,8,4,16,1,3,33921
1,8,4,16,1,4,43905
1,8,4,16,2,2,24193
1,8,4,16,2,3,34305
1,8,4,16,2,4,44417
1,8,4,16,3,2,24449
1,8,4,16,3,3,34689
1,8,4,16,3,4,44929
1,8,4,32,1,2,36225
1,8,4,32,1,3,52353
1,8,4,32,1,4,68481
1,8,4,32,2,2,36481
1,8,4,32,2,3,52737
1,8,4,32,2,4,68993
1,8,4,32,3,2,36737
1,8,4,32,3,3,53121
1,8,4,32,3,4,69505
1,16,1,4,1,2,19473
1,16,1,4,1,3,23697
1,16,1,4,1,4,27921
1,16,1,4,2,2,19601
1,16,1,4,2,3,23889
1,16,1,4,2,4,28177
1,16,1,4,3,2,19729
1,16,1,4,3,3,24081
1,16,1,4,3,4,28433
1,16,1,8,1,2,21009
1,16,1,8,1,3,26001
1,16,1,8,1,4,30993
1,16,1,8,2,2,21137
1,16,1,8,2,3,26193
1,16,1,8,2,4,31249
1,16,1,8,3,2,21265
1,16,1,8,3,3,26385
1,16,1,8,3,4,31505
1,16,1,16,1,2,24081
1,16,1,16,1,3,30609
1,16,1,16,1,4,37137
1,16,1,16,2,2,24209
1,16,1,16,2,3,30801
1,16,1,16,2,4,37393
1,16,1,16,3,2,24337
1,16,1,16,3,3,30993
1,16,1,16,3,4,37649
1,16,1,32,1,2,30225
1,16,1,32,1,3,39825
1,16,1,32,1,4,49425
1,16,1,32,2,2,30353
1,16,1,32,2,3,40017
1,16,1,32,2,4,49681
1,16,1,32,3,2,30481
1,16,1,32,3,3,40209
1,16,1,32,3,4,49937
1,16,2,4,1,2,29041
1,16,2,4,1,3,37489
1,16,2,4,1,4,45937
1,16,2,4,2,2,29297
1,16,2,4,2,3,37873
1,16,2,4,2,4,46449
1,16,2,4,3,2,29553
1,16,2,4,3,3,38257
1,16,2,4,3,4,46961
1,16,2,8,1,2,32113
1,16,2,8,1,3,42097
1,16,2,8,1,4,52081
1,16,2,8,2,2,32369
1,16,2,8,2,3,42481
1,16,2,8,2,4,52593
1,16,2,8,3,2,32625
1,16,2,8,3,3,42865
1,16,2,8,3,4,53105
1,16,2,16,1,2,38257
1,16,2,16,1,3,51313
1,16,2,16,1,4,64369
1,16,2,16,2,2,38513
1,16,2,16,2,3,51697
1,16,2,16,2,4,64881
1,16,2,16,3,2,38769
1,16,2,16,3,3,52081
1,16,2,16,3,4,65393
1,16,2,32,1,2,50545
1,16,2,32,1,3,69745
1,16,2,32,1,4,88945
1,16,2,32,2,2,50801
1,16,2,32,2,3,70129
1,16,2,32,2,4,89457
1,16,2,32,3,2,51057
1,16,2,32,3,3,70513
1,16,2,32,3,4,89969
1,16,3,4,1,2,38609
1,16,3,4,1,3,51281
1,16,3,4,1,4,63953
1,16,3,4,2,2,38993
1,16,3,4,2,3,51857
1,16,3,4,2,4,64721
1,16,3,4,3,2,39377
1,16,3,4,3,3,52433
1,16,3,4,3,4,65489
1,16,3,8,1,2,43217
1,16,3,8,1,3,58193
1,16,3,8,1,4,73169
1,16,3,8,2,2,43601
1,16,3,8,2,3,58769
1,16,3,8,2,4,73937
1,16,3,8,3,2,43985
1,16,3,8,3,3,59345
1,16,3,8,3,4,74705
1,16,3,16,1,2,52433
1,16,3,16,1,3,72017
1,16,3,16,1,4,91601
1,16,3,16,2,2,52817
1,16,3,16,2,3,72593
1,16,3,16,2,4,92369
1,16,3,16,3,2,53201
1,16,3,16,3,3,73169
1,16,3,16,3,4,93137
1,16,3,32,1,2,70865
1,16,3,32,1,3,99665
1,16,3,32,1,4,128465
1,16,3,32,2,2,71249
1,16,3,32,2,3,100241
1,16,3,32,2,4,129233
1,16,3,32,3,2,71633
1,16,3,32,3,3,100817
1,16,3,32,3,4,130001
1,16,4,4,1,2,48177
1,16,4,4,1,3,65073
1,16,4,4,1,4,81969
1,16,4,4,2,2,48689
1,16,4,4,2,3,65841
1,16,4,4,2,4,82993
1,16,4,4,3,2,49201
1,16,4,4,3,3,66609
1,16,4,4,3,4,84017
1,16,4,8,1,2,54321
1,16,4,8,1,3,74289
1,16,4,8,1,4,94257
1,16,4,8,2,2,54833
1,16,4,8,2,3,75057
1,16,4,8,2,4,95281
1,16,4,8,3,2,55345
1,16,4,8,3,3,75825
1,16,4,8,3,4,96305
1,16,4,16,1,2,66609
1,16,4,16,1,3,92721
1,16,4,16,1,4,118833
1,16,4,16,2,2,67121
1,16,4,16,2,3,93489
1,16,4,16,2,4,119857
1,16,4,16,3,2,67633
1,16,4,16,3,3,94257
1,16,4,16,3,4,120881
1,16,4,32,1,2,91185
1,16,4,32,1,3,129585
1,16,4,32,1,4,167985
1,16,4,32,2,2,91697
1,16,4,32,2,3,130353
1,16,4,32,2,4,169009
1,16,4,32,3,2,92209
1,16,4,32,3,3,131121
1,16,4,32,3,4,170033
1,32,1,4,1,2,72017
1,32,1,4,1,3,86865
1,32,1,4,1,4,101713
1,32,1,4,2,2,72273
1,32,1,4,2,3,87249
1,32,1,4,2,4,102225
1,32,1,4,3,2,72529
1,32,1,4,3,3,87633
1,32,1,4,3,4,102737
1,32,1,8,1,2,75089
1,32,1,8,1,3,91473
1,32,1,8,1,4,107857
1,32,1,8,2,2,75345
1,32,1,8,2,3,91857
1,32,1,8,2,4,108369
1,32,1,8,3,2,75601
1,32,1,8,3,3,92241
1,32,1,8,3,4,108881
1,32,1,16,1,2,81233
1,32,1,16,1,3,100689
1,32,1,16,1,4,120145
1,32,1,16,2,2,81489
1,32,1,16,2,3,101073
1,32,1,16,2,4,120657
1,32,1,16,3,2,81745
1,32,1,16,3,3,101457
1,32,1,16,3,4,121169
1,32,1,32,1,2,93521
1,32,1,32,1,3,119121
1,32,1,32,1,4,144721
1,32,1,32,2,2,93777
1,32,1,32,2,3,119505
1,32,1,32,2,4,145233
1,32,1,32,3,2,94033
1,32,1,32,3,3,119889
1,32,1,32,3,4,145745
1,32,2,4,1,2,106001
1,32,2,4,1,3,135697
1,32,2,4,1,4,165393
1,32,2,4,2,2,106513
1,32,2,4,2,3,136465
1,32,2,4,2,4,166417
1,32,2,4,3,2,107025
1,32,2,4,3,3,137233
1,32,2,4,3,4,167441
1,32,2,8,1,2,112145
1,32,2,8,1,3,144913
1,32,2,8,1,4,177681
1,32,2,8,2,2,112657
1,32,2,8,2,3,145681
1,32,2,8,2,4,178705
1,32,2,8,3,2,113169
1,32,2,8,3,3,146449
1,32,2,8,3,4,179729
1,32,2,16,1,2,124433
1,32,2,16,1,3,163345
1,32,2,16,1,4,202257
1,32,2,16,2,2,124945
1,32,2,16,2,3,164113
1,32,2,16,2,4,203281
1,32,2,16,3,2,125457
1,32,2,16,3,3,164881
1,32,2,16,3,4,204305
1,32,2,32,1,2,149009
1,32,2,32,1,3,200209
1,32,2,32,1,4,251409
1,32,2,32,2,2,149521
1,32,2,32,2,3,200977
1,32,2,32,2,4,252433
1,32,2,32,3,2,150033
1,32,2,32,3,3,201745
1,32,2,32,3,4,253457
1,32,3,4,1,2,139985
1,32,3,4,1,3,184529
1,32,3,4,1,4,229073
1,32,3,4,2,2,140753
1,32,3,4,2,3,185681
1,32,3,4,2,4,230609
1,32,3,4,3,2,141521
1,32,3,4,3,3,186833
1,32,3,4,3,4,232145
1,32,3,8,1,2,149201
1,32,3,8,1,3,198353
1,32,3,8,1,4,247505
1,32,3,8,2,2,149969
1,32,3,8,2,3,199505
1,32,3,8,2,4,249041
1,32,3,8,3,2,150737
1,32,3,8,3,3,200657
1,32,3,8,3,4,250577
1,32,3,16,1,2,167633
1,32,3,16,1,3,226001
1,32,3,16,1,4,284369
1,32,3,16,2,2,168401
1,32,3,16,2,3,227153
1,32,3,16,2,4,285905
1,32,3,16,3,2,169169
1,32,3,16,3,3,228305
1,32,3,16,3,4,287441
1,32,3,32,1,2,204497
1,32,3,32,1,3,281297
1,32,3,32,1,4,358097
1,32,3,32,2,2,205265
1,32,3,32,2,3,282449
1,32,3,32,2,4,359633
1,32,3,32,3,2,206033
1,32,3,32,3,3,283601
1,32,3,32,3,4,361169
1,32,4,4,1,2,173969
1,32,4,4,1,3,233361
1,32,4,4,1,4,292753
1,32,4,4,2,2,174993
1,32,4,4,2,3,234897
1,32,4,4,2,4,294801
1,32,4,4,3,2,176017
1,32,4,4,3,3,236433
1,32,4,4,3,4,296849
1,32,4,8,1,2,186257
1,32,4,8,1,3,251793
1,32,4,8,1,4,317329
1,32,4,8,2,2,187281
1,32,4,8,2,3,253329
1,32,4,8,2,4,319377
1,32,4,8,3,2,188305
1,32,4,8,3,3,254865
1,32,4,8,3,4,321425
1,32,4,16,1,2,210833
1,32,4,16,1,3,288657
1,32,4,16,1,4,366481
1,32,4,16,2,2,211857
1,32,4,16,2,3,290193
1,32,4,16,2,4,368529
1,32,4,16,3,2,212881
1,32,4,16,3,3,291729
1,32,4,16,3,4,370577
1,32,4,32,1,2,259985
1,32,4,32,1,3,362385
1,32,4,32,1,4,464785
1,32,4,32,2,2,261009
1,32,4,32,2,3,363921
1,32,4,32,2,4,466833
1,32,4,32,3,2,262033
1,32,4,32,3,3,365457
1,32,4,32,3,4,468881
1,64,1,4,1,2,276945
1,64,1,4,1,3,332241
1,64,1,4,1,4,387537
1,64,1,4,2,2,277457
1,64,1,4,2,3,333009
1,64,1,4,2,4,388561
1,64,1,4,3,2,277969
1,64,1,4,3,3,333777
1,64,1,4,3,4,389585
1,64,1,8,1,2,283089
1,64,1,8,1,3,341457
1,64,1,8,1,4,399825
1,64,1,8,2,2,283601
1,64,1,8,2,3,342225
1,64,1,8,2,4,400849
1,64,1,8,3,2,284113
1,64,1,8,3,3,342993
1,64,1,8,3,4,401873
1,64,1,16,1,2,295377
1,64,1,16,1,3,359889
1,64,1,16,1,4,424401
1,64,1,16,2,2,295889
1,64,1,16,2,3,360657
1,64,1,16,2,4,425425
1,64,1,16,3,2,296401
1,64,1,16,3,3,361425
1,64,1,16,3,4,426449
1,64,1,32,1,2,319953
1,64,1,32,1,3,396753
1,64,1,32,1,4,473553
1,64,1,32,2,2,320465
1,64,1,32,2,3,397521
1,64,1,32,2,4,474577
1,64,1,32,3,2,320977
1,64,1,32,3,3,398289
1,64,1,32,3,4,475601
1,64,2,4,1,2,404305
1,64,2,4,1,3,514897
1,64,2,4,1,4,625489
1,64,2,4,2,2,405329
1,64,2,4,2,3,516433
1,64,2,4,2,4,627537
1,64,2,4,3,2,406353
1,64,2,4,3,3,517969
1,64,2,4,3,4,629585
1,64,2,8,1,2,416593
1,64,2,8,1,3,533329
1,64,2,8,1,4,650065
1,64,2,8,2,2,417617
1,64,2,8,2,3,534865
1,64,2,8,2,4,652113
1,64,2,8,3,2,418641
1,64,2,8,3,3,536401
1,64,2,8,3,4,654161
1,64,2,16,1,2,441169
1,64,2,16,1,3,570193
1,64,2,16,1,4,699217
1,64,2,16,2,2,442193
1,64,2,16,2,3,571729
1,64,2,16,2,4,701265
1,64,2,16,3,2,443217
1,64,2,16,3,3,573265
1,64,2,16,3,4,703313
1,64,2,32,1,2,490321
1,64,2,32,1,3,643921
1,64,2,32,1,4,797521
1,64,2,32,2,2,491345
1,64,2,32,2,3,645457
1,64,2,32,2,4,799569
1,64,2,32,3,2,492369
1,64,2,32,3,3,646993
1,64,2,32,3,4,801617
1,64,3,4,1,2,531665
1,64,3,4,1,3,697553
1,64,3,4,1,4,863441
1,64,3,4,2,2,533201
1,64,3,4,2,3,699857
1,64,3,4,2,4,866513
1,64,3,4,3,2,534737
1,64,3,4,3,3,702161
1,64,3,4,3,4,869585
1,64,3,8,1,2,550097
1,64,3,8,1,3,725201
1,64,3,8,1,4,900305
1,64,3,8,2,2,551633
1,64,3,8,2,3,727505
1,64,3,8,2,4,903377
1,64,3,8,3,2,553169
1,64,3,8,3,3,729809
1,64,3,8,3,4,906449
1,64,3,16,1,2,586961
1,64,3,16,1,3,780497
1,64,3,16,1,4,974033
1,64,3,16,2,2,588497
1,64,3,16,2,3,782801
1,64,3,16,2,4,977105
1,64,3,16,3,2,590033
1,64,3,16,3,3,785105
1,64,3,16,3,4,980177
1,64,3,32,1,2,660689
1,64,3,32,1,3,891089
1,64,3,32,1,4,1121489
1,64,3,32,2,2,662225
1,64,3,32,2,3,893393
1,64,3,32,2,4,1124561
1,64,3,32,3,2,663761
1,64,3,32,3,3,895697
1,64,3,32,3,4,1127633
1,64,4,4,1,2,659025
1,64,4,4,1,3,880209
1,64,4,4,1,4,1101393
1,64,4,4,2,2,661073
1,64,4,4,2,3,883281
1,64,4,4,2,4,1105489
1,64,4,4,3,2,663121
1,64,4,4,3,3,886353
1,64,4,4,3,4,1109585
1,64,4,8,1,2,683601
1,64,4,8,1,3,917073
1,64,4,8,1,4,1150545
1,64,4,8,2,2,685649
1,64,4,8,2,3,920145
1,64,4,8,2,4,1154641
1,64,4,8,3,2,687697
1,64,4,8,3,3,923217
1,64,4,8,3,4,1158737
1,64,4,16,1,2,732753
1,64,4,16,1,3,990801
1,64,4,16,1,4,1248849
1,64,4,16,2,2,734801
1,64,4,16,2,3,993873
1,64,4,16,2,4,1252945
1,64,4,16,3,2,736849
1,64,4,16,3,3,996945
1,64,4,16,3,4,1257041
1,64,4,32,1,2,831057
1,64,4,32,1,3,1138257
1,64,4,32,1,4,1445457
1,64,4,32,2,2,833105
1,64,4,32,2,3,1141329
1,64,4,32,2,4,1449553
1,64,4,32,3,2,835153
1,64,4,32,3,3,1144401
1,64,4,32,3,4,1453649
2,8,1,4,1,2,9297
2,8,1,4,1,3,10641
2,8,1,4,1,4,11985
2,8,1,4,2,2,9361
2,8,1,4,2,3,10737
2,8,1,4,2,4,12113
2,8,1,4,3,2,9425
2,8,1,4,3,3,10833
2,8,1,4,3,4,12241
2,8,1,8,1,2,10065
2,8,1,8,1,3,11793
2,8,1,8,1,4,13521
2,8,1,8,2,2,10129
2,8,1,8,2,3,11889
2,8,1,8,2,4,13649
2,8,1,8,3,2,10193
2,8,1,8,3,3,11985
2,8,1,8,3,4,13777
2,8,1,16,1,2,11601
2,8,1,16,1,3,14097
2,8,1,16,1,4,16593
2,8,1,16,2,2,11665
2,8,1,16,2,3,14193
2,8,1,16,2,4,16721
2,8,1,16,3,2,11729
2,8,1,16,3,3,14289
2,8,1,16,3,4,16849
2,8,1,32,1,2,14673
2,8,1,32,1,3,18705
2,8,1,32,1,4,22737
2,8,1,32,2,2,14737
2,8,1,32,2,3,18801
2,8,1,32,2,4,22865
2,8,1,32,3,2,14801
2,8,1,32,3,3,18897
2,8,1,32,3,4,22993
2,8,2,4,1,2,12289
2,8,2,4,1,3,14977
2,8,2,4,1,4,17665
2,8,2,4,2,2,12417
2,8,2,4,2,3,15169
2,8,2,4,2,4,17921
2,8,2,4,3,2,12545
2,8,2,4,3,3,15361
2,8,2,4,3,4,18177
2,8,2,8,1,2,13825
2,8,2,8,1,3,17281
2,8,2,8,1,4,20737
2,8,2,8,2,2,13953
2,8,2,8,2,3,17473
2,8,2,8,2,4,20993
2,8,2,8,3,2,14081
2,8,2,8,3,3,17665
2,8,2,8,3,4,21249
2,8,2,16,1,2,16897
2,8,2,16,1,3,21889
2,8,2,16,1,4,26881
2,8,2,16,2,2,17025
2,8,2,16,2,3,22081
2,8,2,16,2,4,27137
2,8,2,16,3,2,17153
2,8,2,16,3,3,22273
2,8,2,16,3,4,27393
2,8,2,32,1,2,23041
2,8,2,32,1,3,31105
2,8,2,32,1,4,39169
2,8,2,32,2,2,23169
2,8,2,32,2,3,31297
2,8,2,32,2,4,39425
2,8,2,32,3,2,23297
2,8,2,32,3,3,31489
2,8,2,32,3,4,39681
2,8,3,4,1,2,15281
2,8,3,4,1,3,19313
2,8,3,4,1,4,23345
2,8,3,4,2,2,15473
2,8,3,4,2,3,19601
2,8,3,4,2,4,23729
2,8,3,4,3,2,15665
2,8,3,4,3,3,19889
2,8,3,4,3,4,24113
2,8,3,8,1,2,17585
2,8,3,8,1,3,22769
2,8,3,8,1,4,27953
2,8,3,8,2,2,17777
2,8,3,8,2,3,23057
2,8,3,8,2,4,28337
2,8,3,8,3,2,17969
2,8,3,8,3,3,23345
2,8,3,8,3,4,28721
2,8,3,16,1,2,22193
2,8,3,16,1,3,29681
2,8,3,16,1,4,37169
2,8,3,16,2,2,22385
2,8,3,16,2,3,29969
2,8,3,16,2,4,37553
2,8,3,16,3,2,22577
2,8,3,16,3,3,30257
2,8,3,16,3,4,37937
2,8,3,32,1,2,31409
2,8,3,32,1,3,43505
2,8,3,32,1,4,55601
2,8,3,32,2,2,31601
2,8,3,32,2,3,43793
2,8,3,32,2,4,55985
2,8,3,32,3,2,31793
2,8,3,32,3,3,44081
2,8,3,32,3,4,56369
2,8,4,4,1,2,18273
2,8,4,4,1,3,23649
2,8,4,4,1,4,29025
2,8,4,4,2,2,18529
2,8,4,4,2,3,24033
2,8,4,4,2,4,29537
2,8,4,4,3,2,18785
2,8,4,4,3,3,24417
2,8,4,4,3,4,30049
2,8,4,8,1,2,21345
2,8,4,8,1,3,28257
2,8,4,8,1,4,35169
2,8,4,8,2,2,21601
2,8,4,8,2,3,28641
2,8,4,8,2,4,35681
2,8,4,8,3,2,21857
2,8,4,8,3,3,29025
2,8,4,8,3,4,36193
2,8,4,16,1,2,27489
2,8,4,16,1,3,37473
2,8,4,16,1,4,47457
2,8,4,16,2,2,27745
2,8,4,16,2,3,37857
2,8,4,16,2,4,47969
2,8,4,16,3,2,28001
2,8,4,16,3,3,38241
2,8,4,16,3,4,48481
2,8,4,32,1,2,39777
2,8,4,32,1,3,55905
2,8,4,32,1,4,72033
2,8,4,32,2,2,40033
2,8,4,32,2,3,56289
2,8,4,32,2,4,72545
2,8,4,32,3,2,40289
2,8,4,32,3,3,56673
2,8,4,32,3,4,73057
2,16,1,4,1,2,33489
2,16,1,4,1,3,37713
2,16,1,4,1,4,41937
2,16,1,4,2,2,33617
2,16,1,4,2,3,37905
2,16,1,4,2,4,42193
2,16,1,4,3,2,33745
2,16,1,4,3,3,38097
2,16,1,4,3,4,42449
2,16,1,8,1,2,35025
2,16,1,8,1,3,40017
2,16,1,8,1,4,45009
2,16,1,8,2,2,35153
2,16,1,8,2,3,40209
2,16,1,8,2,4,45265
2,16,1,8,3,2,35281
2,16,1,8,3,3,40401
2,16,1,8,3,4,45521
2,16,1,16,1,2,38097
2,16,1,16,1,3,44625
2,16,1,16,1,4,51153
2,16,1,16,2,2,38225
2,16,1,16,2,3,44817
2,16,1,16,2,4,51409
2,16,1,16,3,2,38353
2,16,1,16,3,3,45009
2,16,1,16,3,4,51665
2,16,1,32,1,2,44241
2,16,1,32,1,3,53841
2,16,1,32,1,4,63441
2,16,1,32,2,2,44369
2,16,1,32,2,3,54033
2,16,1,32,2,4,63697
2,16,1,32,3,2,44497
2,16,1,32,3,3,54225
2,16,1,32,3,4,63953
2,16,2,4,1,2,43057
2,16,2,4,1,3,51505
2,16,2,4,1,4,59953
2,16,2,4,2,2,43313
2,16,2,4,2,3,51889
2,16,2,4,2,4,60465
2,16,2,4,3,2,43569
2,16,2,4,3,3,52273
2,16,2,4,3,4,60977
2,16,2,8,1,2,46129
2,16,2,8,1,3,56113
2,16,2,8,1,4,66097
2,16,2,8,2,2,46385
2,16,2,8,2,3,56497
2,16,2,8,2,4,66609
2,16,2,8,3,2,46641
2,16,2,8,3,3,56881
2,16,2,8,3,4,67121
2,16,2,16,1,2,52273
2,16,2,16,1,3,65329
2,16,2,16,1,4,78385
2,16,2,16,2,2,52529
2,16,2,16,2,3,65713
2,16,2,16,2,4,78897
2,16,2,16,3,2,52785
2,16,2,16,3,3,66097
2,16,2,16,3,4,79409
2,16,2,32,1,2,64561
2,16,2,32,1,3,83761
2,16,2,32,1,4,102961
2,16,2,32,2,2,64817
2,16,2,32,2,3,84145
2,16,2,32,2,4,103473
2,16,2,32,3,2,65073
2,16,2,32,3,3,84529
2,16,2,32,3,4,103985
2,16,3,4,1,2,52625
2,16,3,4,1,3,65297
2,16,3,4,1,4,77969
2,16,3,4,2,2,53009
2,16,3,4,2,3,65873
2,16,3,4,2,4,78737
2,16,3,4,3,2,53393
2,16,3,4,3,3,66449
2,16,3,4,3,4,79505
2,16,3,8,1,2,57233
2,16,3,8,1,3,72209
2,16,3,8,1,4,87185
2,16,3,8,2,2,57617
2,16,3,8,2,3,72785
2,16,3,8,2,4,87953
2,16,3,8,3,2,58001
2,16,3,8,3,3,73361
2,16,3,8,3,4,88721
2,16,3,16,1,2,66449
2,16,3,16,1,3,86033
2,16,3,16,1,4,105617
2,16,3,16,2,2,66833
2,16,3,16,2,3,86609
2,16,3,16,2,4,106385
2,16,3,16,3,2,67217
2,16,3,16,3,3,87185
2,16,3,16,3,4,107153
2,16,3,32,1,2,84881
2,16,3,32,1,3,113681
2,16,3,32,1,4,142481
2,16,3,32,2,2,85265
2,16,3,32,2,3,114257
2,16,3,32,2,4,143249
2,16,3,32,3,2,85649
2,16,3,32,3,3,114833
2,16,3,32,3,4,144017
2,16,4,4,1,2,62193
2,16,4,4,1,3,79089
2,16,4,4,1,4,95985
2,16,4,4,2,2,62705
2,16,4,4,2,3,79857
2,16,4,4,2,4,97009
2,16,4,4,3,2,63217
2,16,4,4,3,3,80625
2,16,4,4,3,4,98033
2,16,4,8,1,2,68337
2,16,4,8,1,3,88305
2,16,4,8,1,4,108273
2,16,4,8,2,2,68849
2,16,4,8,2,3,89073
2,16,4,8,2,4,109297
2,16,4,8,3,2,69361
2,16,4,8,3,3,89841
2,16,4,8,3,4,110321
2,16,4,16,1,2,80625
2,16,4,16,1,3,106737
2,16,4,16,1,4,132849
2,16,4,16,2,2,81137
2,16,4,16,2,3,107505
2,16,4,16,2,4,133873
2,16,4,16,3,2,81649
2,16,4,16,3,3,108273
2,16,4,16,3,4,134897
2,16,4,32,1,2,105201
2,16,4,32,1,3,143601
2,16,4,32,1,4,182001
2,16,4,32,2,2,105713
2,16,4,32,2,3,144369
2,16,4,32,2,4,183025
2,16,4,32,3,2,106225
2,16,4,32,3,3,145137
2,16,4,32,3,4,184049
2,32,1,4,1,2,127697
2,32,1,4,1,3,142545
2,32,1,4,1,4,157393
2,32,1,4,2,2,127953
2,32,1,4,2,3,142929
2,32,1,4,2,4,157905
2,32,1,4,3,2,128209
2,32,1,4,3,3,143313
2,32,1,4,3,4,158417
2,32,1,8,1,2,130769
2,32,1,8,1,3,147153
2,32,1,8,1,4,163537
2,32,1,8,2,2,131025
2,32,1,8,2,3,147537
2,32,1,8,2,4,164049
2,32,1,8,3,2,131281
2,32,1,8,3,3,147921
2,32,1,8,3,4,164561
2,32,1,16,1,2,136913
2,32,1,16,1,3,156369
2,32,1,16,1,4,175825
2,32,1,16,2,2,137169
2,32,1,16,2,3,156753
2,32,1,16,2,4,176337
2,32,1,16,3,2,137425
2,32,1,16,3,3,157137
2,32,1,16,3,4,176849
2,32,1,32,1,2,149201
2,32,1,32,1,3,174801
2,32,1,32,1,4,200401
2,32,1,32,2,2,149457
2,32,1,32,2,3,175185
2,32,1,32,2,4,200913
2,32,1,32,3,2,149713
2,32,1,32,3,3,175569
2,32,1,32,3,4,201425
2,32,2,4,1,2,161681
2,32,2,4,1,3,191377
2,32,2,4,1,4,221073
2,32,2,4,2,2,162193
2,32,2,4,2,3,192145
2,32,2,4,2,4,222097
2,32,2,4,3,2,162705
2,32,2,4,3,3,192913
2,32,2,4,3,4,223121
2,32,2,8,1,2,167825
2,32,2,8,1,3,200593
2,32,2,8,1,4,233361
2,32,2,8,2,2,168337
2,32,2,8,2,3,201361
2,32,2,8,2,4,234385
2,32,2,8,3,2,168849
2,32,2,8,3,3,202129
2,32,2,8,3,4,235409
2,32,2,16,1,2,180113
2,32,2,16,1,3,219025
2,32,2,16,1,4,257937
2,32,2,16,2,2,180625
2,32,2,16,2,3,219793
2,32,2,16,2,4,258961
2,32,2,16,3,2,181137
2,32,2,16,3,3,220561
2,32,2,16,3,4,259985
2,32,2,32,1,2,204689
2,32,2,32,1,3,255889
2,32,2,32,1,4,307089
2,32,2,32,2,2,205201
2,32,2,32,2,3,256657
2,32,2,32,2,4,308113
2,32,2,32,3,2,205713
2,32,2,32,3,3,257425
2,32,2,32,3,4,309137
2,32,3,4,1,2,195665
2,32,3,4,1,3,240209
2,32,3,4,1,4,284753
2,32,3,4,2,2,196433
2,32,3,4,2,3,241361
2,32,3,4,2,4,286289
2,32,3,4,3,2,197201
2,32,3,4,3,3,242513
2,32,3,4,3,4,287825
2,32,3,8,1,2,204881
2,32,3,8,1,3,254033
2,32,3,8,1,4,303185
2,32,3,8,2,2,205649
2,32,3,8,2,3,255185
2,32,3,8,2,4,304721
2,32,3,8,3,2,206417
2,32,3,8,3,3,256337
2,32,3,8,3,4,306257
2,32,3,16,1,2,223313
2,32,3,16,1,3,281681
2,32,3,16,1,4,340049
2,32,3,16,2,2,224081
2,32,3,16,2,3,282833
2,32,3,16,2,4,341585
2,32,3,16,3,2,224849
2,32,3,16,3,3,283985
2,32,3,16,3,4,343121
2,32,3,32,1,2,260177
2,32,3,32,1,3,336977
2,32,3,32,1,4,413777
2,32,3,32,2,2,260945
2,32,3,32,2,3,338129
2,32,3,32,2,4,415313
2,32,3,32,3,2,261713
2,32,3,32,3,3,339281
2,32,3,32,3,4,416849
2,32,4,4,1,2,229649
2,32,4,4,1,3,289041
2,32,4,4,1,4,348433
2,32,4,4,2,2,230673
2,32,4,4,2,3,290577
2,32,4,4,2,4,350481
2,32,4,4,3,2,231697
2,32,4,4,3,3,292113
2,32,4,4,3,4,352529
2,32,4,8,1,2,241937
2,32,4,8,1,3,307473
2,32,4,8,1,4,373009
2,32,4,8,2,2,242961
2,32,4,8,2,3,309009
2,32,4,8,2,4,375057
2,32,4,8,3,2,243985
2,32,4,8,3,3,310545
2,32,4,8,3,4,377105
2,32,4,16,1,2,266513
2,32,4,16,1,3,344337
2,32,4,16,1,4,422161
2,32,4,16,2,2,267537
2,32,4,16,2,3,345873
2,32,4,16,2,4,424209
2,32,4,16,3,2,268561
2,32,4,16,3,3,347409
2,32,4,16,3,4,426257
2,32,4,32,1,2,315665
2,32,4,32,1,3,418065
2,32,4,32,1,4,520465
2,32,4,32,2,2,316689
2,32,4,32,2,3,419601
2,32,4,32,2,4,522513
2,32,4,32,3,2,317713
2,32,4,32,3,3,421137
2,32,4,32,3,4,524561
2,64,1,4,1,2,498897
2,64,1,4,1,3,554193
2,64,1,4,1,4,609489
2,64,1,4,2,2,499409
2,64,1,4,2,3,554961
2,64,1,4,2,4,610513
2,64,1,4,3,2,499921
2,64,1,4,3,3,555729
2,64,1,4,3,4,611537
2,64,1,8,1,2,505041
2,64,1,8,1,3,563409
2,64,1,8,1,4,621777
2,64,1,8,2,2,505553
2,64,1,8,2,3,564177
2,64,1,8,2,4,622801
2,64,1,8,3,2,506065
2,64,1,8,3,3,564945
2,64,1,8,3,4,623825
2,64,1,16,1,2,517329
2,64,1,16,1,3,581841
2,64,1,16,1,4,646353
2,64,1,16,2,2,517841
2,64,1,16,2,3,582609
2,64,1,16,2,4,647377
2,64,1,16,3,2,518353
2,64,1,16,3,3,583377
2,64,1,16,3,4,648401
2,64,1,32,1,2,541905
2,64,1,32,1,3,618705
2,64,1,32,1,4,695505
2,64,1,32,2,2,542417
2,64,1,32,2,3,619473
2,64,1,32,2,4,696529
2,64,1,32,3,2,542929
2,64,1,32,3,3,620241
2,64,1,32,3,4,697553
2,64,2,4,1,2,626257
2,64,2,4,1,3,736849
2,64,2,4,1,4,847441
2,64,2,4,2,2,627281
2,64,2,4,2,3,738385
2,64,2,4,2,4,849489
2,64,2,4,3,2,628305
2,64,2,4,3,3,739921
2,64,2,4,3,4,851537
2,64,2,8,1,2,638545
2,64,2,8,1,3,755281
2,64,2,8,1,4,872017
2,64,2,8,2,2,639569
2,64,2,8,2,3,756817
2,64,2,8,2,4,874065
2,64,2,8,3,2,640593
2,64,2,8,3,3,758353
2,64,2,8,3,4,876113
2,64,2,16,1,2,663121
2,64,2,16,1,3,792145
2,64,2,16,1,4,921169
2,64,2,16,2,2,664145
2,64,2,16,2,3,793681
2,64,2,16,2,4,923217
2,64,2,16,3,2,665169
2,64,2,16,3,3,795217
2,64,2,16,3,4,925265
2,64,2,32,1,2,712273
2,64,2,32,1,3,865873
2,64,2,32,1,4,1019473
2,64,2,32,2,2,713297
2,64,2,32,2,3,867409
2,64,2,32,2,4,1021521
2,64,2,32,3,2,714321
2,64,2,32,3,3,868945
2,64,2,32,3,4,1023569
2,64,3,4,1,2,753617
2,64,3,4,1,3,919505
2,64,3,4,1,4,1085393
2,64,3,4,2,2,755153
2,64,3,4,2,3,921809
2,64,3,4,2,4,1088465
2,64,3,4,3,2,756689
2,64,3,4,3,3,924113
2,64,3,4,3,4,1091537
2,64,3,8,1,2,772049
2,64,3,8,1,3,947153
2,64,3,8,1,4,1122257
2,64,3,8,2,2,773585
2,64,3,8,2,3,949457
2,64,3,8,2,4,1125329
2,64,3,8,3,2,775121
2,64,3,8,3,3,951761
2,64,3,8,3,4,1128401
2,64,3,16,1,2,808913
2,64,3,16,1,3,1002449
2,64,3,16,1,4,1195985
2,64,3,16,2,2,810449
2,64,3,16,2,3,1004753
2,64,3,16,2,4,1199057
2,64,3,16,3,2,811985
2,64,3,16,3,3,1007057
2,64,3,16,3,4,1202129
2,64,3,32,1,2,882641
2,64,3,32,1,3,1113041
2,64,3,32,1,4,1343441
2,64,3,32,2,2,884177
2,64,3,32,2,3,1115345
2,64,3,32,2,4,1346513
2,64,3,32,3,2,885713
2,64,3,32,3,3,1117649
2,64,3,32,3,4,1349585
2,64,4,4,1,2,880977
2,64,4,4,1,3,1102161
2,64,4,4,1,4,1323345
2,64,4,4,2,2,883025
2,64,4,4,2,3,1105233
2,64,4,4,2,4,1327441
2,64,4,4,3,2,885073
2,64,4,4,3,3,1108305
2,64,4,4,3,4,1331537
2,64,4,8,1,2,905553
2,64,4,8,1,3,1139025
2,64,4,8,1,4,1372497
2,64,4,8,2,2,907601
2,64,4,8,2,3,1142097
2,64,4,8,2,4,1376593
2,64,4,8,3,2,909649
2,64,4,8,3,3,1145169
2,64,4,8,3,4,1380689
2,64,4,16,1,2,954705
2,64,4,16,1,3,1212753
2,64,4,16,1,4,1470801
2,64,4,16,2,2,956753
2,64,4,16,2,3,1215825
2,64,4,16,2,4,1474897
2,64,4,16,3,2,958801
2,64,4,16,3,3,1218897
2,64,4,16,3,4,1478993
2,64,4,32,1,2,1053009
2,64,4,32,1,3,1360209
2,64,4,32,1,4,1667409
2,64,4,32,2,2,1055057
2,64,4,32,2,3,1363281
2,64,4,32,2,4,1671505
2,64,4,32,3,2,1057105
2,64,4,32,3,3,1366353
2,64,4,32,3,4,1675601
3,8,1,4,1,2,14577
3,8,1,4,1,3,15921
3,8,1,4,1,4,17265
3,8,1,4,2,2,14641
3,8,1,4,2,3,16017
3,8,1,4,2,4,17393
3,8,1,4,3,2,14705
3,8,1,4,3,3,16113
3,8,1,4,3,4,17521
3,8,1,8,1,2,15345
3,8,1,8,1,3,17073
3,8,1,8,1,4,18801
3,8,1,8,2,2,15409
3,8,1,8,2,3,17169
3,8,1,8,2,4,18929
3,8,1,8,3,2,15473
3,8,1,8,3,3,17265
3,8,1,8,3,4,19057
3,8,1,16,1,2,16881
3,8,1,16,1,3,19377
3,8,1,16,1,4,21873
3,8,1,16,2,2,16945
3,8,1,16,2,3,19473
3,8,1,16,2,4,22001
3,8,1,16,3,2,17009
3,8,1,16,3,3,19569
3,8,1,16,3,4,22129
3,8,1,32,1,2,19953
3,8,1,32,1,3,23985
3,8,1,32,1,4,28017
3,8,1,32,2,2,20017
3,8,1,32,2,3,24081
3,8,1,32,2,4,28145
3,8,1,32,3,2,20081
3,8,1,32,3,3,24177
3,8,1,32,3,4,28273
3,8,2,4,1,2,17569
3,8,2,4,1,3,20257
3,8,2,4,1,4,22945
3,8,2,4,2,2,17697
3,8,2,4,2,3,20449
3,8,2,4,2,4,23201
3,8,2,4,3,2,17825
3,8,2,4,3,3,20641
3,8,2,4,3,4,23457
3,8,2,8,1,2,19105
3,8,2,8,1,3,22561
3,8,2,8,1,4,26017
3,8,2,8,2,2,19233
3,8,2,8,2,3,22753
3,8,2,8,2,4,26273
3,8,2,8,3,2,19361
3,8,2,8,3,3,22945
3,8,2,8,3,4,26529
3,8,2,16,1,2,22177
3,8,2,16,1,3,27169
3,8,2,16,1,4,32161
3,8,2,16,2,2,22305
3,8,2,16,2,3,27361
3,8,2,16,2,4,32417
3,8,2,16,3,2,22433
3,8,2,16,3,3,27553
3,8,2,16,3,4,32673
3,8,2,32,1,2,28321
3,8,2,32,1,3,36385
3,8,2,32,1,4,44449
3,8,2,32,2,2,28449
3,8,2,32,2,3,36577
3,8,2,32,2,4,44705
3,8,2,32,3,2,28577
3,8,2,32,3,3,36769
3,8,2,32,3,4,44961
3,8,3,4,1,2,20561
3,8,3,4,1,3,24593
3,8,3,4,1,4,28625
3,8,3,4,2,2,20753
3,8,3,4,2,3,24881
3,8,3,4,2,4,29009
3,8,3,4,3,2,20945
3,8,3,4,3,3,25169
3,8,3,4,3,4,29393
3,8,3,8,1,2,22865
3,8,3,8,1,3,28049
3,8,3,8,1,4,33233
3,8,3,8,2,2,23057
3,8,3,8,2,3,28337
3,8,3,8,2,4,33617
3,8,3,8,3,2,23249
3,8,3,8,3,3,28625
3,8,3,8,3,4,34001
3,8,3,16,1,2,27473
3,8,3,16,1,3,34961
3,8,3,16,1,4,42449
3,8,3,16,2,2,27665
3,8,3,16,2,3,35249
3,8,3,16,2,4,42833
3,8,3,16,3,2,27857
3,8,3,16,3,3,35537
3,8,3,16,3,4,43217
3,8,3,32,1,2,36689
3,8,3,32,1,3,48785
3,8,3,32,1,4,60881
3,8,3,32,2,2,36881
3,8,3,32,2,3,49073
3,8,3,32,2,4,61265
3,8,3,32,3,2,37073
3,8,3,32,3,3,49361
3,8,3,32,3,4,61649
3,8,4,4,1,2,23553
3,8,4,4,1,3,28929
3,8,4,4,1,4,34305
3,8,4,4,2,2,23809
3,8,4,4,2,3,29313
3,8,4,4,2,4,34817
3,8,4,4,3,2,24065
3,8,4,4,3,3,29697
3,8,4,4,3,4,35329
3,8,4,8,1,2,26625
3,8,4,8,1,3,33537
3,8,4,8,1,4,40449
3,8,4,8,2,2,26881
3,8,4,8,2,3,33921
3,8,4,8,2,4,40961
3,8,4,8,3,2,27137
3,8,4,8,3,3,34305
3,8,4,8,3,4,41473
3,8,4,16,1,2,32769
3,8,4,16,1,3,42753
3,8,4,16,1,4,52737
3,8,4,16,2,2,33025
3,8,4,16,2,3,43137
3,8,4,16,2,4,53249
3,8,4,16,3,2,33281
3,8,4,16,3,3,43521
3,8,4,16,3,4,53761
3,8,4,32,1,2,45057
3,8,4,32,1,3,61185
3,8,4,32,1,4,77313
3,8,4,32,2,2,45313
3,8,4,32,2,3,61569
3,8,4,32,2,4,77825
3,8,4,32,3,2,45569
3,8,4,32,3,3,61953
3,8,4,32,3,4,78337
3,16,1,4,1,2,54417
3,16,1,4,1,3,58641
3,16,1,4,1,4,62865
3,16,1,4,2,2,54545
3,16,1,4,2,3,58833
3,16,1,4,2,4,63121
3,16,1,4,3,2,54673
3,16,1,4,3,3,59025
3,16,1,4,3,4,63377
3,16,1,8,1,2,55953
3,16,1,8,1,3,60945
3,16,1,8,1,4,65937
3,16,1,8,2,2,56081
3,16,1,8,2,3,61137
3,16,1,8,2,4,66193
3,16,1,8,3,2,56209
3,16,1,8,3,3,61329
3,16,1,8,3,4,66449
3,16,1,16,1,2,59025
3,16,1,16,1,3,65553
3,16,1,16,1,4,72081
3,16,1,16,2,2,59153
3,16,1,16,2,3,65745
3,16,1,16,2,4,72337
3,16,1,16,3,2,59281
3,16,1,16,3,3,65937
3,16,1,16,3,4,72593
3,16,1,32,1,2,65169
3,16,1,32,1,3,74769
3,16,1,32,1,4,84369
3,16,1,32,2,2,65297
3,16,1,32,2,3,74961
3,16,1,32,2,4,84625
3,16,1,32,3,2,65425
3,16,1,32,3,3,75153
3,16,1,32,3,4,84881
3,16,2,4,1,2,63985
3,16,2,4,1,3,72433
3,16,2,4,1,4,80881
3,16,2,4,2,2,64241
3,16,2,4,2,3,72817
3,16,2,4,2,4,81393
3,16,2,4,3,2,64497
3,16,2,4,3,3,73201
3,16,2,4,3,4,81905
3,16,2,8,1,2,67057
3,16,2,8,1,3,77041
3,16,2,8,1,4,87025
3,16,2,8,2,2,67313
3,16,2,8,2,3,77425
3,16,2,8,2,4,87537
3,16,2,8,3,2,67569
3,16,2,8,3,3,77809
3,16,2,8,3,4,88049
3,16,2,16,1,2,73201
3,16,2,16,1,3,86257
3,16,2,16,1,4,99313
3,16,2,16,2,2,73457
3,16,2,16,2,3,86641
3,16,2,16,2,4,99825
3,16,2,16,3,2,73713
3,16,2,16,3,3,87025
3,16,2,16,3,4,100337
3,16,2,32,1,2,85489
3,16,2,32,1,3,104689
3,16,2,32,1,4,123889
3,16,2,32,2,2,85745
3,16,2,32,2,3,105073
3,16,2,32,2,4,124401
3,16,2,32,3,2,86001
3,16,2,32,3,3,105457
3,16,2,32,3,4,124913
3,16,3,4,1,2,73553
3,16,3,4,1,3,86225
3,16,3,4,1,4,98897
3,16,3,4,2,2,73937
3,16,3,4,2,3,86801
3,16,3,4,2,4,99665
3,16,3,4,3,2,74321
3,16,3,4,3,3,87377
3,16,3,4,3,4,100433
3,16,3,8,1,2,78161
3,16,3,8,1,3,93137
3,16,3,8,1,4,108113
3,16,3,8,2,2,78545
3,16,3,8,2,3,93713
3,16,3,8,2,4,108881
3,16,3,8,3,2,78929
3,16,3,8,3,3,94289
3,16,3,8,3,4,109649
3,16,3,16,1,2,87377
3,16,3,16,1,3,106961
3,16,3,16,1,4,126545
3,16,3,16,2,2,87761
3,16,3,16,2,3,107537
3,16,3,16,2,4,127313
3,16,3,16,3,2,88145
3,16,3,16,3,3,108113
3,16,3,16,3,4,128081
3,16,3,32,1,2,105809
3,16,3,32,1,3,134609
3,16,3,32,1,4,163409
3,16,3,32,2,2,106193
3,16,3,32,2,3,135185
3,16,3,32,2,4,164177
3,16,3,32,3,2,106577
3,16,3,32,3,3,135761
3,16,3,32,3,4,164945
3,16,4,4,1,2,83121
3,16,4,4,1,3,100017
3,16,4,4,1,4,116913
3,16,4,4,2,2,83633
3,16,4,4,2,3,100785
3,16,4,4,2,4,117937
3,16,4,4,3,2,84145
3,16,4,4,3,3,101553
3,16,4,4,3,4,118961
3,16,4,8,1,2,89265
3,16,4,8,1,3,109233
3,16,4,8,1,4,129201
3,16,4,8,2,2,89777
3,16,4,8,2,3,110001
3,16,4,8,2,4,130225
3,16,4,8,3,2,90289
3,16,4,8,3,3,110769
3,16,4,8,3,4,131249
3,16,4,16,1,2,101553
3,16,4,16,1,3,127665
3,16,4,16,1,4,153777
3,16,4,16,2,2,102065
3,16,4,16,2,3,128433
3,16,4,16,2,4,154801
3,16,4,16,3,2,102577
3,16,4,16,3,3,129201
3,16,4,16,3,4,155825
3,16,4,32,1,2,126129
3,16,4,32,1,3,164529
3,16,4,32,1,4,202929
3,16,4,32,2,2,126641
3,16,4,32,2,3,165297
3,16,4,32,2,4,203953
3,16,4,32,3,2,127153
3,16,4,32,3,3,166065
3,16,4,32,3,4,204977
3,32,1,4,1,2,211025
3,32,1,4,1,3,225873
3,32,1,4,1,4,240721
3,32,1,4,2,2,211281
3,32,1,4,2,3,226257
3,32,1,4,2,4,241233
3,32,1,4,3,2,211537
3,32,1,4,3,3,226641
3,32,1,4,3,4,241745
3,32,1,8,1,2,214097
3,32,1,8,1,3,230481
3,32,1,8,1,4,246865
3,32,1,8,2,2,214353
3,32,1,8,2,3,230865
3,32,1,8,2,4,247377
3,32,1,8,3,2,214609
3,32,1,8,3,3,231249
3,32,1,8,3,4,247889
3,32,1,16,1,2,220241
3,32,1,16,1,3,239697
3,32,1,16,1,4,259153
3,32,1,16,2,2,220497
3,32,1,16,2,3,240081
3,32,1,16,2,4,259665
3,32,1,16,3,2,220753
3,32,1,16,3,3,240465
3,32,1,16,3,4,260177
3,32,1,32,1,2,232529
3,32,1,32,1,3,258129
3,32,1,32,1,4,283729
3,32,1,32,2,2,232785
3,32,1,32,2,3,258513
3,32,1,32,2,4,284241
3,32,1,32,3,2,233041
3,32,1,32,3,3,258897
3,32,1,32,3,4,284753
3,32,2,4,1,2,245009
3,32,2,4,1,3,274705
3,32,2,4,1,4,304401
3,32,2,4,2,2,245521
3,32,2,4,2,3,275473
3,32,2,4,2,4,305425
3,32,2,4,3,2,246033
3,32,2,4,3,3,276241
3,32,2,4,3,4,306449
3,32,2,8,1,2,251153
3,32,2,8,1,3,283921
3,32,2,8,1,4,316689
3,32,2,8,2,2,251665
3,32,2,8,2,3,284689
3,32,2,8,2,4,317713
3,32,2,8,3,2,252177
3,32,2,8,3,3,285457
3,32,2,8,3,4,318737
3,32,2,16,1,2,263441
3,32,2,16,1,3,302353
3,32,2,16,1,4,341265
3,32,2,16,2,2,263953
3,32,2,16,2,3,303121
3,32,2,16,2,4,342289
3,32,2,16,3,2,264465
3,32,2,16,3,3,303889
3,32,2,16,3,4,343313
3,32,2,32,1,2,288017
3,32,2,32,1,3,339217
3,32,2,32,1,4,390417
3,32,2,32,2,2,288529
3,32,2,32,2,3,339985
3,32,2,32,2,4,391441
3,32,2,32,3,2,289041
3,32,2,32,3,3,340753
3,32,2,32,3,4,392465
3,32,3,4,1,2,278993
3,32,3,4,1,3,323537
3,32,3,4,1,4,368081
3,32,3,4,2,2,279761
3,32,3,4,2,3,324689
3,32,3,4,2,4,369617
3,32,3,4,3,2,280529
3,32,3,4,3,3,325841
3,32,3,4,3,4,371153
3,32,3,8,1,2,288209
3,32,3,8,1,3,337361
3,32,3,8,1,4,386513
3,32,3,8,2,2,288977
3,32,3,8,2,3,338513
3,32,3,8,2,4,388049
3,32,3,8,3,2,289745
3,32,3,8,3,3,339665
3,32,3,8,3,4,389585
3,32,3,16,1,2,306641
3,32,3,16,1,3,365009
3,32,3,16,1,4,423377
3,32,3,16,2,2,307409
3,32,3,16,2,3,366161
3,32,3,16,2,4,424913
3,32,3,16,3,2,308177
3,32,3,16,3,3,367313
3,32,3,16,3,4,426449
3,32,3,32,1,2,343505
3,32,3,32,1,3,420305
3,32,3,32,1,4,497105
3,32,3,32,2,2,344273
3,32,3,32,2,3,421457
3,32,3,32,2,4,498641
3,32,3,32,3,2,345041
3,32,3,32,3,3,422609
3,32,3,32,3,4,500177
3,32,4,4,1,2,312977
3,32,4,4,1,3,372369
3,32,4,4,1,4,431761
3,32,4,4,2,2,314001
3,32,4,4,2,3,373905
3,32,4,4,2,4,433809
3,32,4,4,3,2,315025
3,32,4,4,3,3,375441
3,32,4,4,3,4,435857
3,32,4,8,1,2,325265
3,32,4,8,1,3,390801
3,32,4,8,1,4,456337
3,32,4,8,2,2,326289
3,32,4,8,2,3,392337
3,32,4,8,2,4,458385
3,32,4,8,3,2,327313
3,32,4,8,3,3,393873
3,32,4,8,3,4,460433
3,32,4,16,1,2,349841
3,32,4,16,1,3,427665
3,32,4,16,1,4,505489
3,32,4,16,2,2,350865
3,32,4,16,2,3,429201
3,32,4,16,2,4,507537
3,32,4,16,3,2,351889
3,32,4,16,3,3,430737
3,32,4,16,3,4,509585
3,32,4,32,1,2,398993
3,32,4,32,1,3,501393
3,32,4,32,1,4,603793
3,32,4,32,2,2,400017
3,32,4,32,2,3,502929
3,32,4,32,2,4,605841
3,32,4,32,3,2,401041
3,32,4,32,3,3,504465
3,32,4,32,3,4,607889
3,64,1,4,1,2,831441
3,64,1,4,1,3,886737
3,64,1,4,1,4,942033
3,64,1,4,2,2,831953
3,64,1,4,2,3,887505
3,64,1,4,2,4,943057
3,64,1,4,3,2,832465
3,64,1,4,3,3,888273
3,64,1,4,3,4,944081
3,64,1,8,1,2,837585
3,64,1,8,1,3,895953
3,64,1,8,1,4,954321
3,64,1,8,2,2,838097
3,64,1,8,2,3,896721
3,64,1,8,2,4,955345
3,64,1,8,3,2,838609
3,64,1,8,3,3,897489
3,64,1,8,3,4,956369
3,64,1,16,1,2,849873
3,64,1,16,1,3,914385
3,64,1,16,1,4,978897
3,64,1,16,2,2,850385
3,64,1,16,2,3,915153
3,64,1,16,2,4,979921
3,64,1,16,3,2,850897
3,64,1,16,3,3,915921
3,64,1,16,3,4,980945
3,64,1,32,1,2,874449
3,64,1,32,1,3,951249
3,64,1,32,1,4,1028049
3,64,1,32,2,2,874961
3,64,1,32,2,3,952017
3,64,1,32,2,4,1029073
3,64,1,32,3,2,875473
3,64,1,32,3,3,952785
3,64,1,32,3,4,1030097
3,64,2,4,1,2,958801
3,64,2,4,1,3,1069393
3,64,2,4,1,4,1179985
3,64,2,4,2,2,959825
3,64,2,4,2,3,1070929
3,64,2,4,2,4,1182033
3,64,2,4,3,2,960849
3,64,2,4,3,3,1072465
3,64,2,4,3,4,1184081
3,64,2,8,1,2,971089
3,64,2,8,1,3,1087825
3,64,2,8,1,4,1204561
3,64,2,8,2,2,972113
3,64,2,8,2,3,1089361
3,64,2,8,2,4,1206609
3,64,2,8,3,2,973137
3,64,2,8,3,3,1090897
3,64,2,8,3,4,1208657
3,64,2,16,1,2,995665
3,64,2,16,1,3,1124689
3,64,2,16,1,4,1253713
3,64,2,16,2,2,996689
3,64,2,16,2,3,1126225
3,64,2,16,2,4,1255761
3,64,2,16,3,2,997713
3,64,2,16,3,3,1127761
3,64,2,16,3,4,1257809
3,64,2,32,1,2,1044817
3,64,2,32,1,3,1198417
3,64,2,32,1,4,1352017
3,64,2,32,2,2,1045841
3,64,2,32,2,3,1199953
3,64,2,32,2,4,1354065
3,64,2,32,3,2,1046865
3,64,2,32,3,3,1201489
3,64,2,32,3,4,1356113
3,64,3,4,1,2,1086161
3,64,3,4,1,3,1252049
3,64,3,4,1,4,1417937
3,64,3,4,2,2,1087697
3,64,3,4,2,3,1254353
3,64,3,4,2,4,1421009
3,64,3,4,3,2,1089233
3,64,3,4,3,3,1256657
3,64,3,4,3,4,1424081
3,64,3,8,1,2,1104593
3,64,3,8,1,3,1279697
3,64,3,8,1,4,1454801
3,64,3,8,2,2,1106129
3,64,3,8,2,3,1282001
3,64,3,8,2,4,1457873
3,64,3,8,3,2,1107665
3,64,3,8,3,3,1284305
3,64,3,8,3,4,1460945
3,64,3,16,1,2,1141457
3,64,3,16,1,3,1334993
3,64,3,16,1,4,1528529
3,64,3,16,2,2,1142993
3,64,3,16,2,3,1337297
3,64,3,16,2,4,1531601
3,64,3,16,3,2,1144529
3,64,3,16,3,3,1339601
3,64,3,16,3,4,1534673
3,64,3,32,1,2,1215185
3,64,3,32,1,3,1445585
3,64,3,32,1,4,1675985
3,64,3,32,2,2,1216721
3,64,3,32,2,3,1447889
3,64,3,32,2,4,1679057
3,64,3,32,3,2,1218257
3,64,3,32,3,3,1450193
3,64,3,32,3,4,1682129
3,64,4,4,1,2,1213521
3,64,4,4,1,3,1434705
3,64,4,4,1,4,1655889
3,64,4,4,2,2,1215569
3,64,4,4,2,3,1437777
3,64,4,4,2,4,1659985
3,64,4,4,3,2,1217617
3,64,4,4,3,3,1440849
3,64,4,4,3,4,1664081
3,64,4,8,1,2,1238097
3,64,4,8,1,3,1471569
3,64,4,8,1,4,1705041
3,64,4,8,2,2,1240145
3,64,4,8,2,3,1474641
3,64,4,8,2,4,1709137
3,64,4,8,3,2,1242193
3,64,4,8,3,3,1477713
3,64,4,8,3,4,1713233
3,64,4,16,1,2,1287249
3,64,4,16,1,3,1545297
3,64,4,16,1,4,1803345
3,64,4,16,2,2,1289297
3,64,4,16,2,3,1548369
3,64,4,16,2,4,1807441
3,64,4,16,3,2,1291345
3,64,4,16,3,3,1551441
3,64,4,16,3,4,1811537
3,64,4,32,1,2,1385553
3,64,4,32,1,3,1692753
3,64,4,32,1,4,1999953
3,64,4,32,2,2,1387601
3,64,4,32,2,3,1695825
3,64,4,32,2,4,2004049
3,64,4,32,3,2,1389649
3,64,4,32,3,3,1698897
3,64,4,32,3,4,2008145
4,8,1,4,1,2,21585
4,8,1,4,1,3,22929
4,8,1,4,1,4,24273
4,8,1,4,2,2,21649
4,8,1,4,2,3,23025
4,8,1,4,2,4,24401
4,8,1,4,3,2,21713
4,8,1,4,3,3,23121
4,8,1,4,3,4,24529
4,8,1,8,1,2,22353
4,8,1,8,1,3,24081
4,8,1,8,1,4,25809
4,8,1,8,2,2,22417
4,8,1,8,2,3,24177
4,8,1,8,2,4,25937
4,8,1,8,3,2,22481
4,8,1,8,3,3,24273
4,8,1,8,3,4,26065
4,8,1,16,1,2,23889
4,8,1,16,1,3,26385
4,8,1,16,1,4,28881
4,8,1,16,2,2,23953
4,8,1,16,2,3,26481
4,8,1,16,2,4,29009
4,8,1,16,3,2,24017
4,8,1,16,3,3,26577
4,8,1,16,3,4,29137
4,8,1,32,1,2,26961
4,8,1,32,1,3,30993
4,8,1,32,1,4,35025
4,8,1,32,2,2,27025
4,8,1,32,2,3,31089
4,8,1,32,2,4,35153
4,8,1,32,3,2,27089
4,8,1,32,3,3,31185
4,8,1,32,3,4,35281
4,8,2,4,1,2,24577
4,8,2,4,1,3,27265
4,8,2,4,1,4,29953
4,8,2,4,2,2,24705
4,8,2,4,2,3,27457
4,8,2,4,2,4,30209
4,8,2,4,3,2,24833
4,8,2,4,3,3,27649
4,8,2,4,3,4,30465
4,8,2,8,1,2,26113
4,8,2,8,1,3,29569
4,8,2,8,1,4,33025
4,8,2,8,2,2,26241
4,8,2,8,2,3,29761
4,8,2,8,2,4,33281
4,8,2,8,3,2,26369
4,8,2,8,3,3,29953
4,8,2,8,3,4,33537
4,8,2,16,1,2,29185
4,8,2,16,1,3,34177
4,8,2,16,1,4,39169
4,8,2,16,2,2,29313
4,8,2,16,2,3,34369
4,8,2,16,2,4,39425
4,8,2,16,3,2,29441
4,8,2,16,3,3,34561
4,8,2,16,3,4,39681
4,8,2,32,1,2,35329
4,8,2,32,1,3,43393
4,8,2,32,1,4,51457
4,8,2,32,2,2,35457
4,8,2,32,2,3,43585
4,8,2,32,2,4,51713
4,8,2,32,3,2,35585
4,8,2,32,3,3,43777
4,8,2,32,3,4,51969
4,8,3,4,1,2,27569
4,8,3,4,1,3,31601
4,8,3,4,1,4,35633
4,8,3,4,2,2,27761
4,8,3,4,2,3,31889
4,8,3,4,2,4,36017
4,8,3,4,3,2,27953
4,8,3,4,3,3,32177
4,8,3,4,3,4,36401
4,8,3,8,1,2,29873
4,8,3,8,1,3,35057
4,8,3,8,1,4,40241
4,8,3,8,2,2,30065
4,8,3,8,2,3,35345
4,8,3,8,2,4,40625
4,8,3,8,3,2,30257
4,8,3,8,3,3,35633
4,8,3,8,3,4,41009
4,8,3,16,1,2,34481
4,8,3,16,1,3,41969
4,8,3,16,1,4,49457
4,8,3,16,2,2,34673
4,8,3,16,2,3,42257
4,8,3,16,2,4,49841
4,8,3,16,3,2,34865
4,8,3,16,3,3,42545
4,8,3,16,3,4,50225
4,8,3,32,1,2,43697
4,8,3,32,1,3,55793
4,8,3,32,1,4,67889
4,8,3,32,2,2,43889
4,8,3,32,2,3,56081
4,8,3,32,2,4,68273
4,8,3,32,3,2,44081
4,8,3,32,3,3,56369
4,8,3,32,3,4,68657
4,8,4,4,1,2,30561
4,8,4,4,1,3,35937
4,8,4,4,1,4,41313
4,8,4,4,2,2,30817
4,8,4,4,2,3,36321
4,8,4,4,2,4,41825
4,8,4,4,3,2,31073
4,8,4,4,3,3,36705
4,8,4,4,3,4,42337
4,8,4,8,1,2,33633
4,8,4,8,1,3,40545
4,8,4,8,1,4,47457
4,8,4,8,2,2,33889
4,8,4,8,2,3,40929
4,8,4,8,2,4,47969
4,8,4,8,3,2,34145
4,8,4,8,3,3,41313
4,8,4,8,3,4,48481
4,8,4,16,1,2,39777
4,8,4,16,1,3,49761
4,8,4,16,1,4,59745
4,8,4,16,2,2,40033
4,8,4,16,2,3,50145
4,8,4,16,2,4,60257
4,8,4,16,3,2,40289
4,8,4,16,3,3,50529
4,8,4,16,3,4,60769
4,8,4,32,1,2,52065
4,8,4,32,1,3,68193
4,8,4,32,1,4,84321
4,8,4,32,2,2,52321
4,8,4,32,2,3,68577
4,8,4,32,2,4,84833
4,8,4,32,3,2,52577
4,8,4,32,3,3,68961
4,8,4,32,3,4,85345
4,16,1,4,1,2,82257
4,16,1,4,1,3,86481
4,16,1,4,1,4,90705
4,16,1,4,2,2,82385
4,16,1,4,2,3,86673
4,16,1,4,2,4,90961
4,16,1,4,3,2,82513
4,16,1,4,3,3,86865
4,16,1,4,3,4,91217
4,16,1,8,1,2,83793
4,16,1,8,1,3,88785
4,16,1,8,1,4,93777
4,16,1,8,2,2,83921
4,16,1,8,2,3,88977
4,16,1,8,2,4,94033
4,16,1,8,3,2,84049
4,16,1,8,3,3,89169
4,16,1,8,3,4,94289
4,16,1,16,1,2,86865
4,16,1,16,1,3,93393
4,16,1,16,1,4,99921
4,16,1,16,2,2,86993
4,16,1,16,2,3,93585
4,16,1,16,2,4,100177
4,16,1,16,3,2,87121
4,16,1,16,3,3,93777
4,16,1,16,3,4,100433
4,16,1,32,1,2,93009
4,16,1,32,1,3,102609
4,16,1,32,1,4,112209
4,16,1,32,2,2,93137
4,16,1,32,2,3,102801
4,16,1,32,2,4,112465
4,16,1,32,3,2,93265
4,16,1,32,3,3,102993
4,16,1,32,3,4,112721
4,16,2,4,1,2,91825
4,16,2,4,1,3,100273
4,16,2,4,1,4,108721
4,16,2,4,2,2,92081
4,16,2,4,2,3,100657
4,16,2,4,2,4,109233
4,16,2,4,3,2,92337
4,16,2,4,3,3,101041
4,16,2,4,3,4,109745
4,16,2,8,1,2,94897
4,16,2,8,1,3,104881
4,16,2,8,1,4,114865
4,16,2,8,2,2,95153
4,16,2,8,2,3,105265
4,16,2,8,2,4,115377
4,16,2,8,3,2,95409
4,16,2,8,3,3,105649
4,16,2,8,3,4,115889
4,16,2,16,1,2,101041
4,16,2,16,1,3,114097
4,16,2,16,1,4,127153
4,16,2,16,2,2,101297
4,16,2,16,2,3,114481
4,16,2,16,2,4,127665
4,16,2,16,3,2,101553
4,16,2,16,3,3,114865
4,16,2,16,3,4,128177
4,16,2,32,1,2,113329
4,16,2,32,1,3,132529
4,16,2,32,1,4,151729
4,16,2,32,2,2,113585
4,16,2,32,2,3,132913
4,16,2,32,2,4,152241
4,16,2,32,3,2,113841
4,16,2,32,3,3,133297
4,16,2,32,3,4,152753
4,16,3,4,1,2,101393
4,16,3,4,1,3,114065
4,16,3,4,1,4,126737
4,16,3,4,2,2,101777
4,16,3,4,2,3,114641
4,16,3,4,2,4,127505
4,16,3,4,3,2,102161
4,16,3,4,3,3,115217
4,16,3,4,3,4,128273
4,16,3,8,1,2,106001
4,16,3,8,1,3,120977
4,16,3,8,1,4,135953
4,16,3,8,2,2,106385
4,16,3,8,2,3,121553
4,16,3,8,2,4,136721
4,16,3,8,3,2,106769
4,16,3,8,3,3,122129
4,16,3,8,3,4,137489
4,16,3,16,1,2,115217
4,16,3,16,1,3,134801
4,16,3,16,1,4,154385
4,16,3,16,2,2,115601
4,16,3,16,2,3,135377
4,16,3,16,2,4,155153
4,16,3,16,3,2,115985
4,16,3,16,3,3,135953
4,16,3,16,3,4,155921
4,16,3,32,1,2,133649
4,16,3,32,1,3,162449
4,16,3,32,1,4,191249
4,16,3,32,2,2,134033
4,16,3,32,2,3,163025
4,16,3,32,2,4,192017
4,16,3,32,3,2,134417
4,16,3,32,3,3,163601
4,16,3,32,3,4,192785
4,16,4,4,1,2,110961
4,16,4,4,1,3,127857
4,16,4,4,1,4,144753
4,16,4,4,2,2,111473
4,16,4,4,2,3,128625
4,16,4,4,2,4,145777
4,16,4,4,3,2,111985
4,16,4,4,3,3,129393
4,16,4,4,3,4,146801
4,16,4,8,1,2,117105
4,16,4,8,1,3,137073
4,16,4,8,1,4,157041
4,16,4,8,2,2,117617
4,16,4,8,2,3,137841
4,16,4,8,2,4,158065
4,16,4,8,3,2,118129
4,16,4,8,3,3,138609
4,16,4,8,3,4,159089
4,16,4,16,1,2,129393
4,16,4,16,1,3,155505
4,16,4,16,1,4,181617
4,16,4,16,2,2,129905
4,16,4,16,2,3,156273
4,16,4,16,2,4,182641
4,16,4,16,3,2,130417
4,16,4,16,3,3,157041
4,16,4,16,3,4,183665
4,16,4,32,1,2,153969
4,16,4,32,1,3,192369
4,16,4,32,1,4,230769
4,16,4,32,2,2,154481
4,16,4,32,2,3,193137
4,16,4,32,2,4,231793
4,16,4,32,3,2,154993
4,16,4,32,3,3,193905
4,16,4,32,3,4,232817
4,32,1,4,1,2,322001
4,32,1,4,1,3,336849
4,32,1,4,1,4,351697
4,32,1,4,2,2,322257
4,32,1,4,2,3,337233
4,32,1,4,2,4,352209
4,32,1,4,3,2,322513
4,32,1,4,3,3,337617
4,32,1,4,3,4,352721
4,32,1,8,1,2,325073
4,32,1,8,1,3,341457
4,32,1,8,1,4,357841
4,32,1,8,2,2,325329
4,32,1,8,2,3,341841
4,32,1,8,2,4,358353
4,32,1,8,3,2,325585
4,32,1,8,3,3,342225
4,32,1,8,3,4,358865
4,32,1,16,1,2,331217
4,32,1,16,1,3,350673
4,32,1,16,1,4,370129
4,32,1,16,2,2,331473
4,32,1,16,2,3,351057
4,32,1,16,2,4,370641
4,32,1,16,3,2,331729
4,32,1,16,3,3,351441
4,32,1,16,3,4,371153
4,32,1,32,1,2,343505
4,32,1,32,1,3,369105
4,32,1,32,1,4,394705
4,32,1,32,2,2,343761
4,32,1,32,2,3,369489
4,32,1,32,2,4,395217
4,32,1,32,3,2,344017
4,32,1,32,3,3,369873
4,32,1,32,3,4,395729
4,32,2,4,1,2,355985
4,32,2,4,1,3,385681
4,32,2,4,1,4,415377
4,32,2,4,2,2,356497
4,32,2,4,2,3,386449
4,32,2,4,2,4,416401
4,32,2,4,3,2,357009
4,32,2,4,3,3,387217
4,32,2,4,3,4,417425
4,32,2,8,1,2,362129
4,32,2,8,1,3,394897
4,32,2,8,1,4,427665
4,32,2,8,2,2,362641
4,32,2,8,2,3,395665
4,32,2,8,2,4,428689
4,32,2,8,3,2,363153
4,32,2,8,3,3,396433
4,32,2,8,3,4,429713
4,32,2,16,1,2,374417
4,32,2,16,1,3,413329
4,32,2,16,1,4,452241
4,32,2,16,2,2,374929
4,32,2,16,2,3,414097
4,32,2,16,2,4,453265
4,32,2,16,3,2,375441
4,32,2,16,3,3,414865
4,32,2,16,3,4,454289
4,32,2,32,1,2,398993
4,32,2,32,1,3,450193
4,32,2,32,1,4,501393
4,32,2,32,2,2,399505
4,32,2,32,2,3,450961
4,32,2,32,2,4,502417
4,32,2,32,3,2,400017
4,32,2,32,3,3,451729
4,32,2,32,3,4,503441
4,32,3,4,1,2,389969
4,32,3,4,1,3,434513
4,32,3,4,1,4,479057
4,32,3,4,2,2,390737
4,32,3,4,2,3,435665
4,32,3,4,2,4,480593
4,32,3,4,3,2,391505
4,32,3,4,3,3,436817
4,32,3,4,3,4,482129
4,32,3,8,1,2,399185
4,32,3,8,1,3,448337
4,32,3,8,1,4,497489
4,32,3,8,2,2,399953
4,32,3,8,2,3,449489
4,32,3,8,2,4,499025
4,32,3,8,3,2,400721
4,32,3,8,3,3,450641
4,32,3,8,3,4,500561
4,32,3,16,1,2,417617
4,32,3,16,1,3,475985
4,32,3,16,1,4,534353
4,32,3,16,2,2,418385
4,32,3,16,2,3,477137
4,32,3,16,2,4,535889
4,32,3,16,3,2,419153
4,32,3,16,3,3,478289
4,32,3,16,3,4,537425
4,32,3,32,1,2,454481
4,32,3,32,1,3,531281
4,32,3,32,1,4,608081
4,32,3,32,2,2,455249
4,32,3,32,2,3,532433
4,32,3,32,2,4,609617
4,32,3,32,3,2,456017
4,32,3,32,3,3,533585
4,32,3,32,3,4,611153
4,32,4,4,1,2,423953
4,32,4,4,1,3,483345
4,32,4,4,1,4,542737
4,32,4,4,2,2,424977
4,32,4,4,2,3,484881
4,32,4,4,2,4,544785
4,32,4,4,3,2,426001
4,32,4,4,3,3,486417
4,32,4,4,3,4,546833
4,32,4,8,1,2,436241
4,32,4,8,1,3,501777
4,32,4,8,1,4,567313
4,32,4,8,2,2,437265
4,32,4,8,2,3,503313
4,32,4,8,2,4,569361
4,32,4,8,3,2,438289
4,32,4,8,3,3,504849
4,32,4,8,3,4,571409
4,32,4,16,1,2,460817
4,32,4,16,1,3,538641
4,32,4,16,1,4,616465
4,32,4,16,2,2,461841
4,32,4,16,2,3,540177
4,32,4,16,2,4,618513
4,32,4,16,3,2,462865
4,32,4,16,3,3,541713
4,32,4,16,3,4,620561
4,32,4,32,1,2,509969
4,32,4,32,1,3,612369
4,32,4,32,1,4,714769
4,32,4,32,2,2,510993
4,32,4,32,2,3,613905
4,32,4,32,2,4,716817
4,32,4,32,3,2,512017
4,32,4,32,3,3,615441
4,32,4,32,3,4,718865
4,64,1,4,1,2,1274577
4,64,1,4,1,3,1329873
4,64,1,4,1,4,1385169
4,64,1,4,2,2,1275089
4,64,1,4,2,3,1330641
4,64,1,4,2,4,1386193
4,64,1,4,3,2,1275601
4,64,1,4,3,3,1331409
4,64,1,4,3,4,1387217
4,64,1,8,1,2,1280721
4,64,1,8,1,3,1339089
4,64,1,8,1,4,1397457
4,64,1,8,2,2,1281233
4,64,1,8,2,3,1339857
4,64,1,8,2,4,1398481
4,64,1,8,3,2,1281745
4,64,1,8,3,3,1340625
4,64,1,8,3,4,1399505
4,64,1,16,1,2,1293009
4,64,1,16,1,3,1357521
4,64,1,16,1,4,1422033
4,64,1,16,2,2,1293521
4,64,1,16,2,3,1358289
4,64,1,16,2,4,1423057
4,64,1,16,3,2,1294033
4,64,1,16,3,3,1359057
4,64,1,16,3,4,1424081
4,64,1,32,1,2,1317585
4,64,1,32,1,3,1394385
4,64,1,32,1,4,1471185
4,64,1,32,2,2,1318097
4,64,1,32,2,3,1395153
4,64,1,32,2,4,1472209
4,64,1,32,3,2,1318609
4,64,1,32,3,3,1395921
4,64,1,32,3,4,1473233
4,64,2,4,1,2,1401937
4,64,2,4,1,3,1512529
4,64,2,4,1,4,1623121
4,64,2,4,2,2,1402961
4,64,2,4,2,3,1514065
4,64,2,4,2,4,1625169
4,64,2,4,3,2,1403985
4,64,2,4,3,3,1515601
4,64,2,4,3,4,1627217
4,64,2,8,1,2,1414225
4,64,2,8,1,3,1530961
4,64,2,8,1,4,1647697
4,64,2,8,2,2,1415249
4,64,2,8,2,3,1532497
4,64,2,8,2,4,1649745
4,64,2,8,3,2,1416273
4,64,2,8,3,3,1534033
4,64,2,8,3,4,1651793
4,64,2,16,1,2,1438801
4,64,2,16,1,3,1567825
4,64,2,16,1,4,1696849
4,64,2,16,2,2,1439825
4,64,2,16,2,3,1569361
4,64,2,16,2,4,1698897
4,64,2,16,3,2,1440849
4,64,2,16,3,3,1570897
4,64,2,16,3,4,1700945
4,64,2,32,1,2,1487953
4,64,2,32,1,3,1641553
4,64,2,32,1,4,1795153
4,64,2,32,2,2,1488977
4,64,2,32,2,3,1643089
4,64,2,32,2,4,1797201
4,64,2,32,3,2,1490001
4,64,2,32,3,3,1644625
4,64,2,32,3,4,1799249
4,64,3,4,1,2,1529297
4,64,3,4,1,3,1695185
4,64,3,4,1,4,1861073
4,64,3,4,2,2,1530833
4,64,3,4,2,3,1697489
4,64,3,4,2,4,1864145
4,64,3,4,3,2,1532369
4,64,3,4,3,3,1699793
4,64,3,4,3,4,1867217
4,64,3,8,1,2,1547729
4,64,3,8,1,3,1722833
4,64,3,8,1,4,1897937
4,64,3,8,2,2,1549265
4,64,3,8,2,3,1725137
4,64,3,8,2,4,1901009
4,64,3,8,3,2,1550801
4,64,3,8,3,3,1727441
4,64,3,8,3,4,1904081
4,64,3,16,1,2,1584593
4,64,3,16,1,3,1778129
4,64,3,16,1,4,1971665
4,64,3,16,2,2,1586129
4,64,3,16,2,3,1780433
4,64,3,16,2,4,1974737
4,64,3,16,3,2,1587665
4,64,3,16,3,3,1782737
4,64,3,16,3,4,1977809
4,64,3,32,1,2,1658321
4,64,3,32,1,3,1888721
4,64,3,32,1,4,2119121
4,64,3,32,2,2,1659857
4,64,3,32,2,3,1891025
4,64,3,32,2,4,2122193
4,64,3,32,3,2,1661393
4,64,3,32,3,3,1893329
4,64,3,32,3,4,2125265
4,64,4,4,1,2,1656657
4,64,4,4,1,3,1877841
4,64,4,4,1,4,2099025
4,64,4,4,2,2,1658705
4,64,4,4,2,3,1880913
4,64,4,4,2,4,2103121
4,64,4,4,3,2,1660753
4,64,4,4,3,3,1883985
4,64,4,4,3,4,2107217
4,64,4,8,1,2,1681233
4,64,4,8,1,3,1914705
4,64,4,8,1,4,2148177
4,64,4,8,2,2,1683281
4,64,4,8,2,3,1917777
4,64,4,8,2,4,2152273
4,64,4,8,3,2,1685329
4,64,4,8,3,3,1920849
4,64,4,8,3,4,2156369
4,64,4,16,1,2,1730385
4,64,4,16,1,3,1988433
4,64,4,16,1,4,2246481
4,64,4,16,2,2,1732433
4,64,4,16,2,3,1991505
4,64,4,16,2,4,2250577
4,64,4,16,3,2,1734481
4,64,4,16,3,3,1994577
4,64,4,16,3,4,2254673
4,64,4,32,1,2,1828689
4,64,4,32,1,3,2135889
4,64,4,32,1,4,2443089
4,64,4,32,2,2,1830737
4,64,4,32,2,3,2138961
4,64,4,32,2,4,2447185
4,64,4,32,3,2,1832785
4,64,4,32,3,3,2142033
4,64,4,32,3,4,2451281
5,8,1,4,1,2,30321
5,8,1,4,1,3,31665
5,8,1,4,1,4,33009
5,8,1,4,2,2,30385
5,8,1,4,2,3,31761
5,8,1,4,2,4,33137
5,8,1,4,3,2,30449
5,8,1,4,3,3,31857
5,8,1,4,3,4,33265
5,8,1,8,1,2,31089
5,8,1,8,1,3,32817
5,8,1,8,1,4,34545
5,8,1,8,2,2,31153
5,8,1,8,2,3,32913
5,8,1,8,2,4,34673
5,8,1,8,3,2,31217
5,8,1,8,3,3,33009
5,8,1,8,3,4,34801
5,8,1,16,1,2,32625
5,8,1,16,1,3,35121
5,8,1,16,1,4,37617
5,8,1,16,2,2,32689
5,8,1,16,2,3,35217
5,8,1,16,2,4,37745
5,8,1,16,3,2,32753
5,8,1,16,3,3,35313
5,8,1,16,3,4,37873
5,8,1,32,1,2,35697
5,8,1,32,1,3,39729
5,8,1,32,1,4,43761
5,8,1,32,2,2,35761
5,8,1,32,2,3,39825
5,8,1,32,2,4,43889
5,8,1,32,3,2,35825
5,8,1,32,3,3,39921
5,8,1,32,3,4,44017
5,8,2,4,1,2,33313
5,8,2,4,1,3,36001
5,8,2,4,1,4,38689
5,8,2,4,2,2,33441
5,8,2,4,2,3,36193
5,8,2,4,2,4,38945
5,8,2,4,3,2,33569
5,8,2,4,3,3,36385
5,8,2,4,3,4,39201
5,8,2,8,1,2,34849
5,8,2,8,1,3,38305
5,8,2,8,1,4,41761
5,8,2,8,2,2,34977
5,8,2,8,2,3,38497
5,8,2,8,2,4,42017
5,8,2,8,3,2,35105
5,8,2,8,3,3,38689
5,8,2,8,3,4,42273
5,8,2,16,1,2,37921
5,8,2,16,1,3,42913
5,8,2,16,1,4,47905
5,8,2,16,2,2,38049
5,8,2,16,2,3,43105
5,8,2,16,2,4,48161
5,8,2,16,3,2,38177
5,8,2,16,3,3,43297
5,8,2,16,3,4,48417
5,8,2,32,1,2,44065
5,8,2,32,1,3,52129
5,8,2,32,1,4,60193
5,8,2,32,2,2,44193
5,8,2,32,2,3,52321
5,8,2,32,2,4,60449
5,8,2,32,3,2,44321
5,8,2,32,3,3,52513
5,8,2,32,3,4,60705
5,8,3,4,1,2,36305
5,8,3,4,1,3,40337
5,8,3,4,1,4,44369
5,8,3,4,2,2,36497
5,8,3,4,2,3,40625
5,8,3,4,2,4,44753
5,8,3,4,3,2,36689
5,8,3,4,3,3,40913
5,8,3,4,3,4,45137
5,8,3,8,1,2,38609
5,8,3,8,1,3,43793
5,8,3,8,1,4,48977
5,8,3,8,2,2,38801
5,8,3,8,2,3,44081
5,8,3,8,2,4,49361
5,8,3,8,3,2,38993
5,8,3,8,3,3,44369
5,8,3,8,3,4,49745
5,8,3,16,1,2,43217
5,8,3,16,1,3,50705
5,8,3,16,1,4,58193
5,8,3,16,2,2,43409
5,8,3,16,2,3,50993
5,8,3,16,2,4,58577
5,8,3,16,3,2,43601
5,8,3,16,3,3,51281
5,8,3,16,3,4,58961
5,8,3,32,1,2,52433
5,8,3,32,1,3,64529
5,8,3,32,1,4,76625
5,8,3,32,2,2,52625
5,8,3,32,2,3,64817
5,8,3,32,2,4,77009
5,8,3,32,3,2,52817
5,8,3,32,3,3,65105
5,8,3,32,3,4,77393
5,8,4,4,1,2,39297
5,8,4,4,1,3,44673
5,8,4,4,1,4,50049
5,8,4,4,2,2,39553
5,8,4,4,2,3,45057
5,8,4,4,2,4,50561
5,8,4,4,3,2,39809
5,8,4,4,3,3,45441
5,8,4,4,3,4,51073
5,8,4,8,1,2,42369
5,8,4,8,1,3,49281
5,8,4,8,1,4,56193
5,8,4,8,2,2,42625
5,8,4,8,2,3,49665
5,8,4,8,2,4,56705
5,8,4,8,3,2,42881
5,8,4,8,3,3,50049
5,8,4,8,3,4,57217
5,8,4,16,1,2,48513
5,8,4,16,1,3,58497
5,8,4,16,1,4,68481
5,8,4,16,2,2,48769
5,8,4,16,2,3,58881
5,8,4,16,2,4,68993
5,8,4,16,3,2,49025
5,8,4,16,3,3,59265
5,8,4,16,3,4,69505
5,8,4,32,1,2,60801
5,8,4,32,1,3,76929
5,8,4,32,1,4,93057
5,8,4,32,2,2,61057
5,8,4,32,2,3,77313
5,8,4,32,2,4,93569
5,8,4,32,3,2,61313
5,8,4,32,3,3,77697
5,8,4,32,3,4,94081
5,16,1,4,1,2,117009
5,16,1,4,1,3,121233
5,16,1,4,1,4,125457
5,16,1,4,2,2,117137
5,16,1,4,2,3,121425
5,16,1,4,2,4,125713
5,16,1,4,3,2,117265
5,16,1,4,3,3,121617
5,16,1,4,3,4,125969
5,16,1,8,1,2,118545
5,16,1,8,1,3,123537
5,16,1,8,1,4,128529
5,16,1,8,2,2,118673
5,16,1,8,2,3,123729
5,16,1,8,2,4,128785
5,16,1,8,3,2,118801
5,16,1,8,3,3,123921
5,16,1,8,3,4,129041
5,16,1,16,1,2,121617
5,16,1,16,1,3,128145
5,16,1,16,1,4,134673
5,16,1,16,2,2,121745
5,16,1,16,2,3,128337
5,16,1,16,2,4,134929
5,16,1,16,3,2,121873
5,16,1,16,3,3,128529
5,16,1,16,3,4,135185
5,16,1,32,1,2,127761
5,16,1,32,1,3,137361
5,16,1,32,1,4,146961
5,16,1,32,2,2,127889
5,16,1,32,2,3,137553
5,16,1,32,2,4,147217
5,16,1,32,3,2,128017
5,16,1,32,3,3,137745
5,16,1,32,3,4,147473
5,16,2,4,1,2,126577
5,16,2,4,1,3,135025
5,16,2,4,1,4,143473
5,16,2,4,2,2,126833
5,16,2,4,2,3,135409
5,16,2,4,2,4,143985
5,16,2,4,3,2,127089
5,16,2,4,3,3,135793
5,16,2,4,3,4,144497
5,16,2,8,1,2,129649
5,16,2,8,1,3,139633
5,16,2,8,1,4,149617
5,16,2,8,2,2,129905
5,16,2,8,2,3,140017
5,16,2,8,2,4,150129
5,16,2,8,3,2,130161
5,16,2,8,3,3,140401
5,16,2,8,3,4,150641
5,16,2,16,1,2,135793
5,16,2,16,1,3,148849
5,16,2,16,1,4,161905
5,16,2,16,2,2,136049
5,16,2,16,2,3,149233
5,16,2,16,2,4,162417
5,16,2,16,3,2,136305
5,16,2,16,3,3,149617
5,16,2,16,3,4,162929
5,16,2,32,1,2,148081
5,16,2,32,1,3,167281
5,16,2,32,1,4,186481
5,16,2,32,2,2,148337
5,16,2,32,2,3,167665
5,16,2,32,2,4,186993
5,16,2,32,3,2,148593
5,16,2,32,3,3,168049
5,16,2,32,3,4,187505
5,16,3,4,1,2,136145
5,16,3,4,1,3,148817
5,16,3,4,1,4,161489
5,16,3,4,2,2,136529
5,16,3,4,2,3,149393
5,16,3,4,2,4,162257
5,16,3,4,3,2,136913
5,16,3,4,3,3,149969
5,16,3,4,3,4,163025
5,16,3,8,1,2,140753
5,16,3,8,1,3,155729
5,16,3,8,1,4,170705
5,16,3,8,2,2,141137
5,16,3,8,2,3,156305
5,16,3,8,2,4,171473
5,16,3,8,3,2,141521
5,16,3,8,3,3,156881
5,16,3,8,3,4,172241
5,16,3,16,1,2,149969
5,16,3,16,1,3,169553
5,16,3,16,1,4,189137
5,16,3,16,2,2,150353
5,16,3,16,2,3,170129
5,16,3,16,2,4,189905
5,16,3,16,3,2,150737
5,16,3,16,3,3,170705
5,16,3,16,3,4,190673
5,16,3,32,1,2,168401
5,16,3,32,1,3,197201
5,16,3,32,1,4,226001
5,16,3,32,2,2,168785
5,16,3,32,2,3,197777
5,16,3,32,2,4,226769
5,16,3,32,3,2,169169
5,16,3,32,3,3,198353
5,16,3,32,3,4,227537
5,16,4,4,1,2,145713
5,16,4,4,1,3,162609
5,16,4,4,1,4,179505
5,16,4,4,2,2,146225
5,16,4,4,2,3,163377
5,16,4,4,2,4,180529
5,16,4,4,3,2,146737
5,16,4,4,3,3,164145
5,16,4,4,3,4,181553
5,16,4,8,1,2,151857
5,16,4,8,1,3,171825
5,16,4,8,1,4,191793
5,16,4,8,2,2,152369
5,16,4,8,2,3,172593
5,16,4,8,2,4,192817
5,16,4,8,3,2,152881
5,16,4,8,3,3,173361
5,16,4,8,3,4,193841
5,16,4,16,1,2,164145
5,16,4,16,1,3,190257
5,16,4,16,1,4,216369
5,16,4,16,2,2,164657
5,16,4,16,2,3,191025
5,16,4,16,2,4,217393
5,16,4,16,3,2,165169
5,16,4,16,3,3,191793
5,16,4,16,3,4,218417
5,16,4,32,1,2,188721
5,16,4,32,1,3,227121
5,16,4,32,1,4,265521
5,16,4,32,2,2,189233
5,16,4,32,2,3,227889
5,16,4,32,2,4,266545
5,16,4,32,3,2,189745
5,16,4,32,3,3,228657
5,16,4,32,3,4,267569
5,32,1,4,1,2,460625
5,32,1,4,1,3,475473
5,32,1,4,1,4,490321
5,32,1,4,2,2,460881
5,32,1,4,2,3,475857
5,32,1,4,2,4,490833
5,32,1,4,3,2,461137
5,32,1,4,3,3,476241
5,32,1,4,3,4,491345
5,32,1,8,1,2,463697
5,32,1,8,1,3,480081
5,32,1,8,1,4,496465
5,32,1,8,2,2,463953
5,32,1,8,2,3,480465
5,32,1,8,2,4,496977
5,32,1,8,3,2,464209
5,32,1,8,3,3,480849
5,32,1,8,3,4,497489
5,32,1,16,1,2,469841
5,32,1,16,1,3,489297
5,32,1,16,1,4,508753
5,32,1,16,2,2,470097
5,32,1,16,2,3,489681
5,32,1,16,2,4,509265
5,32,1,16,3,2,470353
5,32,1,16,3,3,490065
5,32,1,16,3,4,509777
5,32,1,32,1,2,482129
5,32,1,32,1,3,507729
5,32,1,32,1,4,533329
5,32,1,32,2,2,482385
5,32,1,32,2,3,508113
5,32,1,32,2,4,533841
5,32,1,32,3,2,482641
5,32,1,32,3,3,508497
5,32,1,32,3,4,534353
5,32,2,4,1,2,494609
5,32,2,4,1,3,524305
5,32,2,4,1,4,554001
5,32,2,4,2,2,495121
5,32,2,4,2,3,525073
5,32,2,4,2,4,555025
5,32,2,4,3,2,495633
5,32,2,4,3,3,525841
5,32,2,4,3,4,556049
5,32,2,8,1,2,500753
5,32,2,8,1,3,533521
5,32,2,8,1,4,566289
5,32,2,8,2,2,501265
5,32,2,8,2,3,534289
5,32,2,8,2,4,567313
5,32,2,8,3,2,501777
5,32,2,8,3,3,535057
5,32,2,8,3,4,568337
5,32,2,16,1,2,513041
5,32,2,16,1,3,551953
5,32,2,16,1,4,590865
5,32,2,16,2,2,513553
5,32,2,16,2,3,552721
5,32,2,16,2,4,591889
5,32,2,16,3,2,514065
5,32,2,16,3,3,553489
5,32,2,16,3,4,592913
5,32,2,32,1,2,537617
5,32,2,32,1,3,588817
5,32,2,32,1,4,640017
5,32,2,32,2,2,538129
5,32,2,32,2,3,589585
5,32,2,32,2,4,641041
5,32,2,32,3,2,538641
5,32,2,32,3,3,590353
5,32,2,32,3,4,642065
5,32,3,4,1,2,528593
5,32,3,4,1,3,573137
5,32,3,4,1,4,617681
5,32,3,4,2,2,529361
5,32,3,4,2,3,574289
5,32,3,4,2,4,619217
5,32,3,4,3,2,530129
5,32,3,4,3,3,575441
5,32,3,4,3,4,620753
5,32,3,8,1,2,537809
5,32,3,8,1,3,586961
5,32,3,8,1,4,636113
5,32,3,8,2,2,538577
5,32,3,8,2,3,588113
5,32,3,8,2,4,637649
5,32,3,8,3,2,539345
5,32,3,8,3,3,589265
5,32,3,8,3,4,639185
5,32,3,16,1,2,556241
5,32,3,16,1,3,614609
5,32,3,16,1,4,672977
5,32,3,16,2,2,557009
5,32,3,16,2,3,615761
5,32,3,16,2,4,674513
5,32,3,16,3,2,557777
5,32,3,16,3,3,616913
5,32,3,16,3,4,676049
5,32,3,32,1,2,593105
5,32,3,32,1,3,669905
5,32,3,32,1,4,746705
5,32,3,32,2,2,593873
5,32,3,32,2,3,671057
5,32,3,32,2,4,748241
5,32,3,32,3,2,594641
5,32,3,32,3,3,672209
5,32,3,32,3,4,749777
5,32,4,4,1,2,562577
5,32,4,4,1,3,621969
5,32,4,4,1,4,681361
5,32,4,4,2,2,563601
5,32,4,4,2,3,623505
5,32,4,4,2,4,683409
5,32,4,4,3,2,564625
5,32,4,4,3,3,625041
5,32,4,4,3,4,685457
5,32,4,8,1,2,574865
5,32,4,8,1,3,640401
5,32,4,8,1,4,705937
5,32,4,8,2,2,575889
5,32,4,8,2,3,641937
5,32,4,8,2,4,707985
5,32,4,8,3,2,576913
5,32,4,8,3,3,643473
5,32,4,8,3,4,710033
5,32,4,16,1,2,599441
5,32,4,16,1,3,677265
5,32,4,16,1,4,755089
5,32,4,16,2,2,600465
5,32,4,16,2,3,678801
5,32,4,16,2,4,757137
5,32,4,16,3,2,601489
5,32,4,16,3,3,680337
5,32,4,16,3,4,759185
5,32,4,32,1,2,648593
5,32,4,32,1,3,750993
5,32,4,32,1,4,853393
5,32,4,32,2,2,649617
5,32,4,32,2,3,752529
5,32,4,32,2,4,855441
5,32,4,32,3,2,650641
5,32,4,32,3,3,754065
5,32,4,32,3,4,857489
5,64,1,4,1,2,1828305
5,64,1,4,1,3,1883601
5,64,1,4,1,4,1938897
5,64,1,4,2,2,1828817
5,64,1,4,2,3,1884369
5,64,1,4,2,4,1939921
5,64,1,4,3,2,1829329
5,64,1,4,3,3,1885137
5,64,1,4,3,4,1940945
5,64,1,8,1,2,1834449
5,64,1,8,1,3,1892817
5,64,1,8,1,4,1951185
5,64,1,8,2,2,1834961
5,64,1,8,2,3,1893585
5,64,1,8,2,4,1952209
5,64,1,8,3,2,1835473
5,64,1,8,3,3,1894353
5,64,1,8,3,4,1953233
5,64,1,16,1,2,1846737
5,64,1,16,1,3,1911249
5,64,1,16,1,4,1975761
5,64,1,16,2,2,1847249
5,64,1,16,2,3,1912017
5,64,1,16,2,4,1976785
5,64,1,16,3,2,1847761
5,64,1,16,3,3,1912785
5,64,1,16,3,4,1977809
5,64,1,32,1,2,1871313
5,64,1,32,1,3,1948113
5,64,1,32,1,4,2024913
5,64,1,32,2,2,1871825
5,64,1,32,2,3,1948881
5,64,1,32,2,4,2025937
5,64,1,32,3,2,1872337
5,64,1,32,3,3,1949649
5,64,1,32,3,4,2026961
5,64,2,4,1,2,1955665
5,64,2,4,1,3,2066257
5,64,2,4,1,4,2176849
5,64,2,4,2,2,1956689
5,64,2,4,2,3,2067793
5,64,2,4,2,4,2178897
5,64,2,4,3,2,1957713
5,64,2,4,3,3,2069329
5,64,2,4,3,4,2180945
5,64,2,8,1,2,1967953
5,64,2,8,1,3,2084689
5,64,2,8,1,4,2201425
5,64,2,8,2,2,1968977
5,64,2,8,2,3,2086225
5,64,2,8,2,4,2203473
5,64,2,8,3,2,1970001
5,64,2,8,3,3,2087761
5,64,2,8,3,4,2205521
5,64,2,16,1,2,1992529
5,64,2,16,1,3,2121553
5,64,2,16,1,4,2250577
5,64,2,16,2,2,1993553
5,64,2,16,2,3,2123089
5,64,2,16,2,4,2252625
5,64,2,16,3,2,1994577
5,64,2,16,3,3,2124625
5,64,2,16,3,4,2254673
5,64,2,32,1,2,2041681
5,64,2,32,1,3,2195281
5,64,2,32,1,4,2348881
5,64,2,32,2,2,2042705
5,64,2,32,2,3,2196817
5,64,2,32,2,4,2350929
5,64,2,32,3,2,2043729
5,64,2,32,3,3,2198353
5,64,2,32,3,4,2352977
5,64,3,4,1,2,2083025
5,64,3,4,1,3,2248913
5,64,3,4,1,4,2414801
5,64,3,4,2,2,2084561
5,64,3,4,2,3,2251217
5,64,3,4,2,4,2417873
5,64,3,4,3,2,2086097
5,64,3,4,3,3,2253521
5,64,3,4,3,4,2420945
5,64,3,8,1,2,2101457
5,64,3,8,1,3,2276561
5,64,3,8,1,4,2451665
5,64,3,8,2,2,2102993
5,64,3,8,2,3,2278865
5,64,3,8,2,4,2454737
5,64,3,8,3,2,2104529
5,64,3,8,3,3,2281169
5,64,3,8,3,4,2457809
5,64,3,16,1,2,2138321
5,64,3,16,1,3,2331857
5,64,3,16,1,4,2525393
5,64,3,16,2,2,2139857
5,64,3,16,2,3,2334161
5,64,3,16,2,4,2528465
5,64,3,16,3,2,2141393
5,64,3,16,3,3,2336465
5,64,3,16,3,4,2531537
5,64,3,32,1,2,2212049
5,64,3,32,1,3,2442449
5,64,3,32,1,4,2672849
5,64,3,32,2,2,2213585
5,64,3,32,2,3,2444753
5,64,3,32,2,4,2675921
5,64,3,32,3,2,2215121
5,64,3,32,3,3,2447057
5,64,3,32,3,4,2678993
5,64,4,4,1,2,2210385
5,64,4,4,1,3,2431569
5,64,4,4,1,4,2652753
5,64,4,4,2,2,2212433
5,64,4,4,2,3,2434641
5,64,4,4,2,4,2656849
5,64,4,4,3,2,2214481
5,64,4,4,3,3,2437713
5,64,4,4,3,4,2660945
5,64,4,8,1,2,2234961
5,64,4,8,1,3,2468433
5,64,4,8,1,4,2701905
5,64,4,8,2,2,2237009
5,64,4,8,2,3,2471505
5,64,4,8,2,4,2706001
5,64,4,8,3,2,2239057
5,64,4,8,3,3,2474577
5,64,4,8,3,4,2710097
5,64,4,16,1,2,2284113
5,64,4,16,1,3,2542161
5,64,4,16,1,4,2800209
5,64,4,16,2,2,2286161
5,64,4,16,2,3,2545233
5,64,4,16,2,4,2804305
5,64,4,16,3,2,2288209
5,64,4,16,3,3,2548305
5,64,4,16,3,4,2808401
5,64,4,32,1,2,2382417
5,64,4,32,1,3,2689617
5,64,4,32,1,4,2996817
5,64,4,32,2,2,2384465
5,64,4,32,2,3,2692689
5,64,4,32,2,4,3000913
5,64,4,32,3,2,2386513
5,64,4,32,3,3,2695761
5,64,4,32,3,4,3005009
6,8,1,4,1,2,40785
6,8,1,4,1,3,42129
6,8,1,4,1,4,43473
6,8,1,4,2,2,40849
6,8,1,4,2,3,42225
6,8,1,4,2,4,43601
6,8,1,4,3,2,40913
6,8,1,4,3,3,42321
6,8,1,4,3,4,43729
6,8,1,8,1,2,41553
6,8,1,8,1,3,43281
6,8,1,8,1,4,45009
6,8,1,8,2,2,41617
6,8,1,8,2,3,43377
6,8,1,8,2,4,45137
6,8,1,8,3,2,41681
6,8,1,8,3,3,43473
6,8,1,8,3,4,45265
6,8,1,16,1,2,43089
6,8,1,16,1,3,45585
6,8,1,16,1,4,48081
6,8,1,16,2,2,43153
6,8,1,16,2,3,45681
6,8,1,16,2,4,48209
6,8,1,16,3,2,43217
6,8,1,16,3,3,45777
6,8,1,16,3,4,48337
6,8,1,32,1,2,46161
6,8,1,32,1,3,50193
6,8,1,32,1,4,54225
6,8,1,32,2,2,46225
6,8,1,32,2,3,50289
6,8,1,32,2,4,54353
6,8,1,32,3,2,46289
6,8,1,32,3,3,50385
6,8,1,32,3,4,54481
6,8,2,4,1,2,43777
6,8,2,4,1,3,46465
6,8,2,4,1,4,49153
6,8,2,4,2,2,43905
6,8,2,4,2,3,46657
6,8,2,4,2,4,49409
6,8,2,4,3,2,44033
6,8,2,4,3,3,46849
6,8,2,4,3,4,49665
6,8,2,8,1,2,45313
6,8,2,8,1,3,48769
6,8,2,8,1,4,52225
6,8,2,8,2,2,45441
6,8,2,8,2,3,48961
6,8,2,8,2,4,52481
6,8,2,8,3,2,45569
6,8,2,8,3,3,49153
6,8,2,8,3,4,52737
6,8,2,16,1,2,48385
6,8,2,16,1,3,53377
6,8,2,16,1,4,58369
6,8,2,16,2,2,48513
6,8,2,16,2,3,53569
6,8,2,16,2,4,58625
6,8,2,16,3,2,48641
6,8,2,16,3,3,53761
6,8,2,16,3,4,58881
6,8,2,32,1,2,54529
6,8,2,32,1,3,62593
6,8,2,32,1,4,70657
6,8,2,32,2,2,54657
6,8,2,32,2,3,62785
6,8,2,32,2,4,70913
6,8,2,32,3,2,54785
6,8,2,32,3,3,62977
6,8,2,32,3,4,71169
6,8,3,4,1,2,46769
6,8,3,4,1,3,50801
6,8,3,4,1,4,54833
6,8,3,4,2,2,46961
6,8,3,4,2,3,51089
6,8,3,4,2,4,55217
6,8,3,4,3,2,47153
6,8,3,4,3,3,51377
6,8,3,4,3,4,55601
6,8,3,8,1,2,49073
6,8,3,8,1,3,54257
6,8,3,8,1,4,59441
6,8,3,8,2,2,49265
6,8,3,8,2,3,54545
6,8,3,8,2,4,59825
6,8,3,8,3,2,49457
6,8,3,8,3,3,54833
6,8,3,8,3,4,60209
6,8,3,16,1,2,53681
6,8,3,16,1,3,61169
6,8,3,16,1,4,68657
6,8,3,16,2,2,53873
6,8,3,16,2,3,61457
6,8,3,16,2,4,69041
6,8,3,16,3,2,54065
6,8,3,16,3,3,61745
6,8,3,16,3,4,69425
6,8,3,32,1,2,62897
6,8,3,32,1,3,74993
6,8,3,32,1,4,87089
6,8,3,32,2,2,63089
6,8,3,32,2,3,75281
6,8,3,32,2,4,87473
6,8,3,32,3,2,63281
6,8,3,32,3,3,75569
6,8,3,32,3,4,87857
6,8,4,4,1,2,49761
6,8,4,4,1,3,55137
6,8,4,4,1,4,60513
6,8,4,4,2,2,50017
6,8,4,4,2,3,55521
6,8,4,4,2,4,61025
6,8,4,4,3,2,50273
6,8,4,4,3,3,55905
6,8,4,4,3,4,61537
6,8,4,8,1,2,52833
6,8,4,8,1,3,59745
6,8,4,8,1,4,66657
6,8,4,8,2,2,53089
6,8,4,8,2,3,60129
6,8,4,8,2,4,67169
6,8,4,8,3,2,53345
6,8,4,8,3,3,60513
6,8,4,8,3,4,67681
6,8,4,16,1,2,58977
6,8,4,16,1,3,68961
6,8,4,16,1,4,78945
6,8,4,16,2,2,59233
6,8,4,16,2,3,69345
6,8,4,16,2,4,79457
6,8,4,16,3,2,59489
6,8,4,16,3,3,69729
6,8,4,16,3,4,79969
6,8,4,32,1,2,71265
6,8,4,32,1,3,87393
6,8,4,32,1,4,103521
6,8,4,32,2,2,71521
6,8,4,32,2,3,87777
6,8,4,32,2,4,104033
6,8,4,32,3,2,71777
6,8,4,32,3,3,88161
6,8,4,32,3,4,104545
6,16,1,4,1,2,158673
6,16,1,4,1,3,162897
6,16,1,4,1,4,167121
6,16,1,4,2,2,158801
6,16,1,4,2,3,163089
6,16,1,4,2,4,167377
6,16,1,4,3,2,158929
6,16,1,4,3,3,163281
6,16,1,4,3,4,167633
6,16,1,8,1,2,160209
6,16,1,8,1,3,165201
6,16,1,8,1,4,170193
6,16,1,8,2,2,160337
6,16,1,8,2,3,165393
6,16,1,8,2,4,170449
6,16,1,8,3,2,160465
6,16,1,8,3,3,165585
6,16,1,8,3,4,170705
6,16,1,16,1,2,163281
6,16,1,16,1,3,169809
6,16,1,16,1,4,176337
6,16,1,16,2,2,163409
6,16,1,16,2,3,170001
6,16,1,16,2,4,176593
6,16,1,16,3,2,163537
6,16,1,16,3,3,170193
6,16,1,16,3,4,176849
6,16,1,32,1,2,169425
6,16,1,32,1,3,179025
6,16,1,32,1,4,188625
6,16,1,32,2,2,169553
6,16,1,32,2,3,179217
6,16,1,32,2,4,188881
6,16,1,32,3,2,169681
6,16,1,32,3,3,179409
6,16,1,32,3,4,189137
6,16,2,4,1,2,168241
6,16,2,4,1,3,176689
6,16,2,4,1,4,185137
6,16,2,4,2,2,168497
6,16,2,4,2,3,177073
6,16,2,4,2,4,185649
6,16,2,4,3,2,168753
6,16,2,4,3,3,177457
6,16,2,4,3,4,186161
6,16,2,8,1,2,171313
6,16,2,8,1,3,181297
6,16,2,8,1,4,191281
6,16,2,8,2,2,171569
6,16,2,8,2,3,181681
6,16,2,8,2,4,191793
6,16,2,8,3,2,171825
6,16,2,8,3,3,182065
6,16,2,8,3,4,192305
6,16,2,16,1,2,177457
6,16,2,16,1,3,190513
6,16,2,16,1,4,203569
6,16,2,16,2,2,177713
6,16,2,16,2,3,190897
6,16,2,16,2,4,204081
6,16,2,16,3,2,177969
6,16,2,16,3,3,191281
6,16,2,16,3,4,204593
6,16,2,32,1,2,189745
6,16,2,32,1,3,208945
6,16,2,32,1,4,228145
6,16,2,32,2,2,190001
6,16,2,32,2,3,209329
6,16,2,32,2,4,228657
6,16,2,32,3,2,190257
6,16,2,32,3,3,209713
6,16,2,32,3,4,229169
6,16,3,4,1,2,177809
6,16,3,4,1,3,190481
6,16,3,4,1,4,203153
6,16,3,4,2,2,178193
6,16,3,4,2,3,191057
6,16,3,4,2,4,203921
6,16,3,4,3,2,178577
6,16,3,4,3,3,191633
6,16,3,4,3,4,204689
6,16,3,8,1,2,182417
6,16,3,8,1,3,197393
6,16,3,8,1,4,212369
6,16,3,8,2,2,182801
6,16,3,8,2,3,197969
6,16,3,8,2,4,213137
6,16,3,8,3,2,183185
6,16,3,8,3,3,198545
6,16,3,8,3,4,213905
6,16,3,16,1,2,191633
6,16,3,16,1,3,211217
6,16,3,16,1,4,230801
6,16,3,16,2,2,192017
6,16,3,16,2,3,211793
6,16,3,16,2,4,231569
6,16,3,16,3,2,192401
6,16,3,16,3,3,212369
6,16,3,16,3,4,232337
6,16,3,32,1,2,210065
6,16,3,32,1,3,238865
6,16,3,32,1,4,267665
6,16,3,32,2,2,210449
6,16,3,32,2,3,239441
6,16,3,32,2,4,268433
6,16,3,32,3,2,210833
6,16,3,32,3,3,240017
6,16,3,32,3,4,269201
6,16,4,4,1,2,187377
6,16,4,4,1,3,204273
6,16,4,4,1,4,221169
6,16,4,4,2,2,187889
6,16,4,4,2,3,205041
6,16,4,4,2,4,222193
6,16,4,4,3,2,188401
6,16,4,4,3,3,205809
6,16,4,4,3,4,223217
6,16,4,8,1,2,193521
6,16,4,8,1,3,213489
6,16,4,8,1,4,233457
6,16,4,8,2,2,194033
6,16,4,8,2,3,214257
6,16,4,8,2,4,234481
6,16,4,8,3,2,194545
6,16,4,8,3,3,215025
6,16,4,8,3,4,235505
6,16,4,16,1,2,205809
6,16,4,16,1,3,231921
6,16,4,16,1,4,258033
6,16,4,16,2,2,206321
6,16,4,16,2,3,232689
6,16,4,16,2,4,259057
6,16,4,16,3,2,206833
6,16,4,16,3,3,233457
6,16,4,16,3,4,260081
6,16,4,32,1,2,230385
6,16,4,32,1,3,268785
6,16,4,32,1,4,307185
6,16,4,32,2,2,230897
6,16,4,32,2,3,269553
6,16,4,32,2,4,308209
6,16,4,32,3,2,231409
6,16,4,32,3,3,270321
6,16,4,32,3,4,309233
6,32,1,4,1,2,626897
6,32,1,4,1,3,641745
6,32,1,4,1,4,656593
6,32,1,4,2,2,627153
6,32,1,4,2,3,642129
6,32,1,4,2,4,657105
6,32,1,4,3,2,627409
6,32,1,4,3,3,642513
6,32,1,4,3,4,657617
6,32,1,8,1,2,629969
6,32,1,8,1,3,646353
6,32,1,8,1,4,662737
6,32,1,8,2,2,630225
6,32,1,8,2,3,646737
6,32,1,8,2,4,663249
6,32,1,8,3,2,630481
6,32,1,8,3,3,647121
6,32,1,8,3,4,663761
6,32,1,16,1,2,636113
6,32,1,16,1,3,655569
6,32,1,16,1,4,675025
6,32,1,16,2,2,636369
6,32,1,16,2,3,655953
6,32,1,16,2,4,675537
6,32,1,16,3,2,636625
6,32,1,16,3,3,656337
6,32,1,16,3,4,676049
6,32,1,32,1,2,648401
6,32,1,32,1,3,674001
6,32,1,32,1,4,699601
6,32,1,32,2,2,648657
6,32,1,32,2,3,674385
6,32,1,32,2,4,700113
6,32,1,32,3,2,648913
6,32,1,32,3,3,674769
6,32,1,32,3,4,700625
6,32,2,4,1,2,660881
6,32,2,4,1,3,690577
6,32,2,4,1,4,720273
6,32,2,4,2,2,661393
6,32,2,4,2,3,691345
6,32,2,4,2,4,721297
6,32,2,4,3,2,661905
6,32,2,4,3,3,692113
6,32,2,4,3,4,722321
6,32,2,8,1,2,667025
6,32,2,8,1,3,699793
6,32,2,8,1,4,732561
6,32,2,8,2,2,667537
6,32,2,8,2,3,700561
6,32,2,8,2,4,733585
6,32,2,8,3,2,668049
6,32,2,8,3,3,701329
6,32,2,8,3,4,734609
6,32,2,16,1,2,679313
6,32,2,16,1,3,718225
6,32,2,16,1,4,757137
6,32,2,16,2,2,679825
6,32,2,16,2,3,718993
6,32,2,16,2,4,758161
6,32,2,16,3,2,680337
6,32,2,16,3,3,719761
6,32,2,16,3,4,759185
6,32,2,32,1,2,703889
6,32,2,32,1,3,755089
6,32,2,32,1,4,806289
6,32,2,32,2,2,704401
6,32,2,32,2,3,755857
6,32,2,32,2,4,807313
6,32,2,32,3,2,704913
6,32,2,32,3,3,756625
6,32,2,32,3,4,808337
6,32,3,4,1,2,694865
6,32,3,4,1,3,739409
6,32,3,4,1,4,783953
6,32,3,4,2,2,695633
6,32,3,4,2,3,740561
6,32,3,4,2,4,785489
6,32,3,4,3,2,696401
6,32,3,4,3,3,741713
6,32,3,4,3,4,787025
6,32,3,8,1,2,704081
6,32,3,8,1,3,753233
6,32,3,8,1,4,802385
6,32,3,8,2,2,704849
6,32,3,8,2,3,754385
6,32,3,8,2,4,803921
6,32,3,8,3,2,705617
6,32,3,8,3,3,755537
6,32,3,8,3,4,805457
6,32,3,16,1,2,722513
6,32,3,16,1,3,780881
6,32,3,16,1,4,839249
6,32,3,16,2,2,723281
6,32,3,16,2,3,782033
6,32,3,16,2,4,840785
6,32,3,16,3,2,724049
6,32,3,16,3,3,783185
6,32,3,16,3,4,842321
6,32,3,32,1,2,759377
6,32,3,32,1,3,836177
6,32,3,32,1,4,912977
6,32,3,32,2,2,760145
6,32,3,32,2,3,837329
6,32,3,32,2,4,914513
6,32,3,32,3,2,760913
6,32,3,32,3,3,838481
6,32,3,32,3,4,916049
6,32,4,4,1,2,728849
6,32,4,4,1,3,788241
6,32,4,4,1,4,847633
6,32,4,4,2,2,729873
6,32,4,4,2,3,789777
6,32,4,4,2,4,849681
6,32,4,4,3,2,730897
6,32,4,4,3,3,791313
6,32,4,4,3,4,851729
6,32,4,8,1,2,741137
6,32,4,8,1,3,806673
6,32,4,8,1,4,872209
6,32,4,8,2,2,742161
6,32,4,8,2,3,808209
6,32,4,8,2,4,874257
6,32,4,8,3,2,743185
6,32,4,8,3,3,809745
6,32,4,8,3,4,876305
6,32,4,16,1,2,765713
6,32,4,16,1,3,843537
6,32,4,16,1,4,921361
6,32,4,16,2,2,766737
6,32,4,16,2,3,845073
6,32,4,16,2,4,923409
6,32,4,16,3,2,767761
6,32,4,16,3,3,846609
6,32,4,16,3,4,925457
6,32,4,32,1,2,814865
6,32,4,32,1,3,917265
6,32,4,32,1,4,1019665
6,32,4,32,2,2,815889
6,32,4,32,2,3,918801
6,32,4,32,2,4,1021713
6,32,4,32,3,2,816913
6,32,4,32,3,3,920337
6,32,4,32,3,4,1023761
6,64,1,4,1,2,2492625
6,64,1,4,1,3,2547921
6,64,1,4,1,4,2603217
6,64,1,4,2,2,2493137
6,64,1,4,2,3,2548689
6,64,1,4,2,4,2604241
6,64,1,4,3,2,2493649
6,64,1,4,3,3,2549457
6,64,1,4,3,4,2605265
6,64,1,8,1,2,2498769
6,64,1,8,1,3,2557137
6,64,1,8,1,4,2615505
6,64,1,8,2,2,2499281
6,64,1,8,2,3,2557905
6,64,1,8,2,4,2616529
6,64,1,8,3,2,2499793
6,64,1,8,3,3,2558673
6,64,1,8,3,4,2617553
6,64,1,16,1,2,2511057
6,64,1,16,1,3,2575569
6,64,1,16,1,4,2640081
6,64,1,16,2,2,2511569
6,64,1,16,2,3,2576337
6,64,1,16,2,4,2641105
6,64,1,16,3,2,2512081
6,64,1,16,3,3,2577105
6,64,1,16,3,4,2642129
6,64,1,32,1,2,2535633
6,64,1,32,1,3,2612433
6,64,1,32,1,4,2689233
6,64,1,32,2,2,2536145
6,64,1,32,2,3,2613201
6,64,1,32,2,4,2690257
6,64,1,32,3,2,2536657
6,64,1,32,3,3,2613969
6,64,1,32,3,4,2691281
6,64,2,4,1,2,2619985
6,64,2,4,1,3,2730577
6,64,2,4,1,4,2841169
6,64,2,4,2,2,2621009
6,64,2,4,2,3,2732113
6,64,2,4,2,4,2843217
6,64,2,4,3,2,2622033
6,64,2,4,3,3,2733649
6,64,2,4,3,4,2845265
6,64,2,8,1,2,2632273
6,64,2,8,1,3,2749009
6,64,2,8,1,4,2865745
6,64,2,8,2,2,2633297
6,64,2,8,2,3,2750545
6,64,2,8,2,4,2867793
6,64,2,8,3,2,2634321
6,64,2,8,3,3,2752081
6,64,2,8,3,4,2869841
6,64,2,16,1,2,2656849
6,64,2,16,1,3,2785873
6,64,2,16,1,4,2914897
6,64,2,16,2,2,2657873
6,64,2,16,2,3,2787409
6,64,2,16,2,4,2916945
6,64,2,16,3,2,2658897
6,64,2,16,3,3,2788945
6,64,2,16,3,4,2918993
6,64,2,32,1,2,2706001
6,64,2,32,1,3,2859601
6,64,2,32,1,4,3013201
6,64,2,32,2,2,2707025
6,64,2,32,2,3,2861137
6,64,2,32,2,4,3015249
6,64,2,32,3,2,2708049
6,64,2,32,3,3,2862673
6,64,2,32,3,4,3017297
6,64,3,4,1,2,2747345
6,64,3,4,1,3,2913233
6,64,3,4,1,4,3079121
6,64,3,4,2,2,2748881
6,64,3,4,2,3,2915537
6,64,3,4,2,4,3082193
6,64,3,4,3,2,2750417
6,64,3,4,3,3,2917841
6,64,3,4,3,4,3085265
6,64,3,8,1,2,2765777
6,64,3,8,1,3,2940881
6,64,3,8,1,4,3115985
6,64,3,8,2,2,2767313
6,64,3,8,2,3,2943185
6,64,3,8,2,4,3119057
6,64,3,8,3,2,2768849
6,64,3,8,3,3,2945489
6,64,3,8,3,4,3122129
6,64,3,16,1,2,2802641
6,64,3,16,1,3,2996177
6,64,3,16,1,4,3189713
6,64,3,16,2,2,2804177
6,64,3,16,2,3,2998481
6,64,3,16,2,4,3192785
6,64,3,16,3,2,2805713
6,64,3,16,3,3,3000785
6,64,3,16,3,4,3195857
6,64,3,32,1,2,2876369
6,64,3,32,1,3,3106769
6,64,3,32,1,4,3337169
6,64,3,32,2,2,2877905
6,64,3,32,2,3,3109073
6,64,3,32,2,4,3340241
6,64,3,32,3,2,2879441
6,64,3,32,3,3,3111377
6,64,3,32,3,4,3343313
6,64,4,4,1,2,2874705
6,64,4,4,1,3,3095889
6,64,4,4,1,4,3317073
6,64,4,4,2,2,2876753
6,64,4,4,2,3,3098961
6,64,4,4,2,4,3321169
6,64,4,4,3,2,2878801
6,64,4,4,3,3,3102033
6,64,4,4,3,4,3325265
6,64,4,8,1,2,2899281
6,64,4,8,1,3,3132753
6,64,4,8,1,4,3366225
6,64,4,8,2,2,2901329
6,64,4,8,2,3,3135825
6,64,4,8,2,4,3370321
6,64,4,8,3,2,2903377
6,64,4,8,3,3,3138897
6,64,4,8,3,4,3374417
6,64,4,16,1,2,2948433
6,64,4,16,1,3,3206481
6,64,4,16,1,4,3464529
6,64,4,16,2,2,2950481
6,64,4,16,2,3,3209553
6,64,4,16,2,4,3468625
6,64,4,16,3,2,2952529
6,64,4,16,3,3,3212625
6,64,4,16,3,4,3472721
6,64,4,32,1,2,3046737
6,64,4,32,1,3,3353937
6,64,4,32,1,4,3661137
6,64,4,32,2,2,3048785
6,64,4,32,2,3,3357009
6,64,4,32,2,4,3665233
6,64,4,32,3,2,3050833
6,64,4,32,3,3,3360081
6,64,4,32,3,4,3669329
